user_id,num_unique_apps,num_sessions,avg_session_duration,total_usage_minutes,most_frequent_time,morning_ratio,afternoon_ratio,evening_ratio,night_ratio,most_frequent_app_category,browser_search_ratio,social_media_ratio,email_ratio,entertainment_ratio,navigation_transport_ratio,productivity_ratio,other_ratio,total_events,events_per_session,app_diversity,events_per_minute,kmeans_cluster,dbscan_cluster,agg_cluster
0,19,241,3.8247208931419463,799.3666666666668,Morning,0.636500107227107,0.15279862749303025,0.05125455715204804,0.15944670812781472,Other,0.07816856101222389,0.01415397812567017,0.009757666738151404,0.0003216813210379584,0.004932446922582029,0.0001072271070126528,0.8925584387733219,9326,38.697095435684645,0.7968831500144367,11.66673616613152,1,-1,0
1,18,88,5.725213675213675,446.56666666666666,Morning,0.3245660178853235,0.1988427143608627,0.24986849026827984,0.22672277748553393,Other,0.2325092056812204,0.22777485533929512,0.0,0.08627038400841662,0.0,0.0,0.45344555497106787,1901,21.602272727272727,2.4260536673966584,4.256923191759349,1,-1,0
2,16,62,3.2136612021857918,196.0333333333333,Night,0.18487394957983194,0.13109243697478992,0.1361344537815126,0.5478991596638656,Browser/Search,0.3310924369747899,0.23697478991596638,0.2042016806722689,0.008403361344537815,0.0033613445378151263,0.0,0.21596638655462186,1190,19.193548387096776,2.0043808512917973,6.070396191123959,1,-1,0
3,15,72,2.9838383838383837,196.93333333333334,Morning,0.44325481798715205,0.05246252676659529,0.19914346895074947,0.30513918629550324,Other,0.3511777301927195,0.0,0.02569593147751606,0.021413276231263382,0.008565310492505354,0.01284796573875803,0.5802997858672377,934,12.972222222222221,2.0009749387170297,4.7427217332430605,1,-1,0
4,8,45,1.9120155038759687,82.21666666666665,Evening,0.07128712871287128,0.2594059405940594,0.3891089108910891,0.2801980198019802,Browser/Search,0.5089108910891089,0.0,0.17425742574257425,0.0,0.020792079207920793,0.0,0.296039603960396,1010,22.444444444444443,1.8085000072621487,12.284613825258464,1,-1,0
5,32,1472,8.485194773175543,11471.983333333334,Morning,0.32895081161236095,0.06140023947917245,0.2852736168491836,0.324375332059283,Social Media,0.02969700333843482,0.8440292767253206,0.008802049053581482,0.02438405481059735,0.0008643453575138573,0.01017389994211265,0.08204937077243928,126107,85.67051630434783,0.9229840145741127,10.992606625706976,0,-1,1
6,23,896,7.8504608294930875,6814.2,Night,0.12882029697182276,0.09507775049690168,0.3575353677072372,0.41856658482403836,Other,0.09575587513153279,0.12075295218052146,0.06358003039869052,0.01533964690751783,0.002057757511984099,0.03500526131182041,0.6675084765579329,42765,47.728794642857146,2.1770897339144333,6.27586510522145,0,-1,1
7,22,61,9.909722222222225,594.5833333333335,Evening,0.1185786531807293,0.12057492680330051,0.5330050572265105,0.22784136278945968,Browser/Search,0.5291455948895395,0.13800904977375567,0.03752994410433857,0.025951557093425604,0.0023955283470854403,0.004258717061485228,0.26270960873036997,7514,123.18032786885246,2.448707595135409,12.637421163279605,1,-1,0
8,11,9,10.818518518518518,97.36666666666666,Night,0.03910614525139665,0.2569832402234637,0.0,0.7039106145251397,Other,0.13966480446927373,0.0446927374301676,0.0,0.0223463687150838,0.0,0.0335195530726257,0.7597765363128491,358,39.77777777777778,1.3951342759940952,3.6768230058199247,1,-1,0
9,20,271,3.912792127921279,1060.3666666666666,Afternoon,0.10688702126459473,0.39240791922838286,0.32105589711771676,0.17964916238930564,Other,0.25776975576738675,0.0,0.0631169270686446,0.017429071013593547,0.006712166506853179,0.011506571154605448,0.6434655084889165,17729,65.42066420664207,2.0748440786572795,16.719688158184276,1,-1,0
10,7,110,3.1912280701754385,242.53333333333333,Afternoon,0.017475728155339806,0.42718446601941745,0.2796116504854369,0.2757281553398058,Browser/Search,0.6038834951456311,0.0,0.011650485436893204,0.0,0.003883495145631068,0.0,0.38058252427184464,515,4.681818181818182,1.3265755266069716,2.123419461242441,1,-1,0
11,17,439,3.351302681992337,1457.8166666666666,Afternoon,0.08508409648650267,0.32438498832824564,0.28604776441012747,0.3044831507751242,Browser/Search,0.427096426647513,0.0,0.1833961812413958,0.011462261327587238,0.021248578440174776,0.024361046268031365,0.33243550607529776,33414,76.1138952164009,2.0155611221934677,22.920577576055518,1,-1,0
12,20,125,4.281969696969697,471.0166666666667,Morning,0.29940878378378377,0.20734797297297297,0.26942567567567566,0.22381756756756757,Social Media,0.15836148648648649,0.328125,0.03125,0.07094594594594594,0.0021114864864864866,0.08994932432432433,0.31925675675675674,2368,18.944,2.4562921968082603,5.027422950355613,1,-1,0
13,20,76,8.344736842105265,634.2000000000002,Night,0.0925319172974805,0.19743531804315897,0.2566376680601062,0.4533950965992543,Social Media,0.10659812450570556,0.6638232968026212,0.04135125974466162,0.005310134448084963,0.0,0.009038526720144616,0.17387865777878206,17702,232.92105263157896,1.637618037913934,27.912330495111945,0,-1,1
14,8,22,2.652380952380952,55.69999999999999,Afternoon,0.03278688524590164,0.6994535519125683,0.08743169398907104,0.18032786885245902,Browser/Search,0.7650273224043715,0.0,0.0,0.11475409836065574,0.0,0.0,0.12021857923497267,366,16.636363636363637,1.518571401789728,6.570915619389589,1,-1,0
15,19,176,5.117652859960552,864.8833333333333,Night,0.10260115606936417,0.21965317919075145,0.285645472061657,0.3921001926782274,Other,0.21796724470134876,0.07129094412331406,0.15847784200385356,0.07827552986512525,0.005780346820809248,0.0,0.4682080924855491,4152,23.59090909090909,2.494655221309184,4.800647486173473,1,-1,0
16,20,93,5.402329749103942,502.41666666666663,Night,0.2070196311719215,0.13355145746579417,0.19303985722784056,0.46638905413444376,Other,0.2575847709696609,0.15734681737061273,0.06900654372397383,0.0,0.006543723973825104,0.003569303985722784,0.5059488399762047,3362,36.1505376344086,1.9369039908479126,6.691656991209157,1,-1,0
17,14,50,5.2214285714285715,219.3,Evening,0.1396103896103896,0.11038961038961038,0.4659090909090909,0.2840909090909091,Other,0.09902597402597403,0.02922077922077922,0.011363636363636364,0.0698051948051948,0.00487012987012987,0.0,0.7857142857142857,616,12.32,1.7370894935821273,2.8089375284997717,1,-1,0
18,21,528,5.404531051964513,2842.7833333333338,Night,0.21340638683203045,0.19323261731734714,0.22514385273148255,0.3682171431191399,Social Media,0.26361156323789003,0.4442814240847298,0.06467068613741088,0.007977808853533849,0.0017652048325347883,0.0,0.21769331285390064,43621,82.6155303030303,2.0413380374944983,15.344468742488287,0,-1,0
19,17,29,6.232183908045979,180.73333333333338,Evening,0.4116798846431146,0.058399423215573176,0.441240086517664,0.08868060562364816,Other,0.09516943042537851,0.2999279019466474,0.09949531362653208,0.08868060562364816,0.004325883201153569,0.004325883201153569,0.40807498197548664,1387,47.827586206896555,2.3935289198662355,7.674289929915159,1,-1,0
20,11,47,3.8468750000000003,123.10000000000001,Evening,0.0,0.31225296442687744,0.5177865612648221,0.16996047430830039,Browser/Search,0.6640316205533597,0.0,0.13438735177865613,0.043478260869565216,0.0,0.015810276679841896,0.1422924901185771,253,5.382978723404255,1.83919404461079,2.0552396425670185,1,-1,0
21,19,346,2.808494208494209,727.4000000000001,Evening,0.0724450194049159,0.22897800776196636,0.44156964208710653,0.25700733074601123,Other,0.14661492022423459,0.045278137128072445,0.20482966796032773,0.14273393704182838,0.017248814144027597,0.013799051315222079,0.4294954721862872,2319,6.702312138728324,2.2298578930432833,3.188067088259554,1,-1,0
22,27,146,6.666791979949875,886.6833333333334,Night,0.15341020128981825,0.22786789134258353,0.20754348250928278,0.4111784248583154,Social Media,0.17393003713113153,0.5266757865937073,0.11588821575141685,0.009380496384600352,0.005081102208325191,0.0027359781121751026,0.16630838381864374,5117,35.04794520547945,2.2519505263579984,5.770944155185052,1,-1,0
23,14,63,3.2672316384180786,192.76666666666665,Afternoon,0.2368951612903226,0.38205645161290325,0.375,0.006048387096774193,Other,0.21774193548387097,0.3125,0.10887096774193548,0.0,0.0,0.010080645161290322,0.35080645161290325,992,15.746031746031745,2.2362385206283615,5.146117931869273,1,-1,0
24,8,49,1.9702380952380953,82.75,Morning,0.5047619047619047,0.10238095238095238,0.02142857142857143,0.37142857142857144,Browser/Search,0.8785714285714286,0.0,0.01904761904761905,0.03333333333333333,0.0,0.030952380952380953,0.0380952380952381,420,8.571428571428571,1.4114854342971506,5.075528700906345,1,-1,0
25,22,103,5.238025889967639,539.5166666666668,Night,0.011413467892112693,0.3426443202979516,0.2558418934342524,0.3901003183756833,Browser/Search,0.38072926052742234,0.18129392683366372,0.09190845197332853,0.05027932960893855,0.0,0.0,0.29578903105664683,16647,161.62135922330097,2.464875993732454,30.855395261190566,0,-1,0
26,17,548,2.626976885644769,1439.5833333333335,Morning,0.41579400372973746,0.2584277721991106,0.23665901592311003,0.08911920814804189,Other,0.18254195954669344,0.16600918089226796,0.13021804619136423,0.028259934012336823,0.003658011763018218,0.0,0.4893128675943193,27884,50.88321167883212,2.4021248244534563,19.369493487698985,1,-1,0
27,10,43,1.8933333333333333,75.73333333333333,Morning,0.4642409033877039,0.0,0.35257214554579674,0.18318695106649938,Browser/Search,0.5294855708908407,0.0,0.10664993726474278,0.30363864491844417,0.0,0.0,0.060225846925972396,797,18.53488372093023,1.6600430279663883,10.523767605633802,1,-1,0
28,15,56,4.564197530864197,246.46666666666664,Afternoon,0.06746987951807229,0.42771084337349397,0.22650602409638554,0.2783132530120482,Other,0.24457831325301205,0.18433734939759036,0.07048192771084337,0.0,0.006626506024096385,0.0,0.4939759036144578,1660,29.642857142857142,1.974292913072498,6.735190695158237,1,-1,0
29,11,137,6.030708661417322,765.9,Night,0.35184700026198584,0.13073094052921141,0.061566675399528425,0.4558553838092743,Other,0.4393502750851454,0.058684831019124965,0.005763688760806916,0.0,0.0,0.006025674613570867,0.4901755305213518,3817,27.861313868613138,1.5501896980247847,4.983679331505418,1,-1,0
30,16,56,3.362,168.1,Night,0.10786106032906764,0.3053016453382084,0.14442413162705667,0.4424131627056673,Other,0.20475319926873858,0.0,0.0,0.021937842778793418,0.003656307129798903,0.010968921389396709,0.7586837294332724,547,9.767857142857142,2.22678306391388,3.254015466983938,1,-1,0
31,11,1885,3.449113924050633,5449.6,Morning,0.3636764798587909,0.29376536594591185,0.25852612998802244,0.08403202420727479,Other,0.08226691042047532,0.0,0.00012607955619996217,0.2749164722940175,0.013049234066696086,0.0,0.6296413036626111,15863,8.415384615384616,1.6218610522560144,2.9108558426306517,1,-1,0
32,9,18,4.107407407407408,73.93333333333334,Morning,0.6455696202531646,0.35443037974683544,0.0,0.0,Browser/Search,0.7890295358649789,0.1729957805907173,0.008438818565400843,0.0,0.0,0.0,0.029535864978902954,474,26.333333333333332,1.50727821865086,6.4111812443642915,1,-1,0
33,17,681,3.2364741641337393,2129.6000000000004,Afternoon,0.0444331422230442,0.5099870538191233,0.25517847235065655,0.19040133160717587,Other,0.15905307934159424,0.0,0.027556870723136676,0.05405030515997781,0.021453671167005733,0.000369890882189754,0.7375161827260958,21628,31.759177679882526,2.0797774435947995,10.155897821187075,1,-1,0
34,11,36,4.285858585858587,141.43333333333337,Afternoon,0.02711864406779661,0.6033898305084746,0.16610169491525423,0.2033898305084746,Browser/Search,0.376271186440678,0.16271186440677965,0.08135593220338982,0.061016949152542375,0.0,0.0,0.31864406779661014,295,8.194444444444445,2.2344784371483994,2.0857883572943665,1,-1,0
35,9,28,2.8636363636363638,63.00000000000001,Evening,0.43037974683544306,0.08860759493670886,0.43670886075949367,0.04430379746835443,Browser/Search,0.3987341772151899,0.0,0.21518987341772153,0.0,0.0,0.012658227848101266,0.37341772151898733,158,5.642857142857143,1.8731908586155757,2.5079365079365075,1,-1,0
36,17,355,3.8353211009174313,1254.15,Night,0.11483699268130405,0.18616101131071192,0.2934131736526946,0.4055888223552894,Browser/Search,0.4396540252827678,0.18110445775116435,0.0014637391882900866,0.224750499001996,0.02102461743180306,0.0,0.1320026613439787,7515,21.169014084507044,2.283189270066951,5.99210620739146,1,-1,0
37,17,357,1.6412004662004662,469.3833333333333,Night,0.2692307692307692,0.08461538461538462,0.25870445344129556,0.38744939271255063,Browser/Search,0.35384615384615387,0.11376518218623481,0.1194331983805668,0.07854251012145749,0.0,0.008906882591093117,0.3255060728744939,2470,6.918767507002801,2.346908825372532,5.262223484713987,1,-1,0
38,14,334,2.6207317073170735,644.7,Evening,0.02540106951871658,0.24242424242424243,0.4117647058823529,0.3204099821746881,Browser/Search,0.3480392156862745,0.01871657754010695,0.2945632798573975,0.0,0.0,0.0,0.33868092691622104,2244,6.718562874251497,2.121558892984757,3.4806886924150766,1,-1,0
39,19,204,6.132882882882883,1134.5833333333333,Evening,0.0809608540925267,0.18305160142348753,0.4395017793594306,0.29648576512455516,Social Media,0.364991103202847,0.4793149466192171,0.07317615658362989,0.007562277580071174,0.013122775800711743,0.0,0.061832740213523134,4496,22.03921568627451,2.024741336855372,3.9626882115313995,1,-1,0
40,16,42,10.434920634920635,438.2666666666667,Night,0.1738241308793456,0.10906612133605999,0.3537832310838446,0.36332651670074984,Social Media,0.0624857986821177,0.64235401045217,0.04703476482617587,0.05657805044308112,0.0,0.0,0.19154737559645535,4401,104.78571428571429,1.9577045791139653,10.041831457255855,1,-1,0
41,15,196,4.47781007751938,770.1833333333334,Evening,0.07396694214876033,0.2809917355371901,0.4177685950413223,0.22727272727272727,Social Media,0.09545454545454546,0.5247933884297521,0.01859504132231405,0.22107438016528927,0.0,0.019008264462809916,0.12107438016528925,2420,12.346938775510203,1.5149218088868344,3.142109021661509,1,-1,0
42,11,50,1.9061594202898546,87.68333333333331,Night,0.02527075812274368,0.14620938628158844,0.11010830324909747,0.7184115523465704,Browser/Search,0.6498194945848376,0.0,0.0,0.0,0.007220216606498195,0.0,0.34296028880866425,554,11.08,1.8229166459186827,6.318190458087818,1,-1,0
43,16,90,3.6281481481481483,326.53333333333336,Night,0.022335970218706376,0.09694431518535752,0.4375678610206297,0.44315185357530634,Browser/Search,0.534977508918877,0.060648363579959674,0.025438188304637815,0.0018613308515588647,0.006359547076159454,0.0,0.3707150612688072,6447,71.63333333333334,2.0524084572570827,19.743772968558595,1,-1,0
44,17,68,5.723039215686275,389.1666666666667,Night,0.04190791287565481,0.23628342983181694,0.28508409153570446,0.43672456575682383,Other,0.358974358974359,0.013234077750206782,0.03859939343810312,0.0518334711883099,0.015715467328370553,0.022608216156603255,0.4990350151640474,3627,53.338235294117645,2.034208230223878,9.319914346895075,1,-1,0
45,13,65,3.1239583333333334,199.93333333333334,Night,0.12030769230769231,0.038461538461538464,0.35446153846153844,0.4867692307692308,Other,0.13876923076923076,0.0,0.04030769230769231,0.049076923076923074,0.01123076923076923,0.06676923076923078,0.6938461538461539,6500,100.0,1.525925443832823,32.51083694564855,1,-1,0
46,22,52,5.816666666666666,302.46666666666664,Morning,0.3586261980830671,0.19968051118210864,0.2955271565495208,0.14616613418530353,Other,0.09744408945686901,0.09616613418530351,0.03354632587859425,0.01757188498402556,0.0,0.01597444089456869,0.739297124600639,6260,120.38461538461539,2.0839442894199443,20.69649548159577,1,-1,0
47,14,42,7.627350427350427,297.46666666666664,Night,0.027656477438136828,0.264919941775837,0.07787481804949054,0.6295487627365357,Browser/Search,0.47889374090247455,0.1215429403202329,0.06040756914119359,0.024745269286754003,0.0,0.0,0.314410480349345,1374,32.714285714285715,2.185636924806091,4.6190049305244285,1,-1,0
48,16,47,5.271985815602837,247.78333333333333,Morning,0.35006435006435005,0.3492063492063492,0.28442728442728443,0.016302016302016303,Social Media,0.06349206349206349,0.6731016731016731,0.005148005148005148,0.018876018876018877,0.002574002574002574,0.0,0.23680823680823682,2331,49.59574468085106,1.5433071841787567,9.407412389856729,1,-1,0
49,16,80,4.702350427350427,366.7833333333333,Night,0.0021586616297895305,0.22396114409066378,0.3475445223961144,0.4263356718834323,Other,0.07285483000539665,0.05558553696708041,0.04263356718834323,0.02050728548300054,0.0,0.026983270372369132,0.7814355099838101,1853,23.1625,1.738787686729788,5.052028899895488,1,-1,0
50,21,673,3.321758569299553,2228.9,Night,0.10069494454846609,0.2588938499207835,0.26362883479763793,0.3767823707331125,Other,0.19146982572375054,0.0032586778049834364,0.0,0.0020704306495751114,0.011828460319746508,0.002610542992942532,0.7887620625090018,55544,82.53194650817237,1.8017775074391422,24.91991565346135,0,-1,0
51,7,16,3.6410256410256414,47.333333333333336,Night,0.0,0.3586206896551724,0.2517241379310345,0.3896551724137931,Browser/Search,0.8241379310344827,0.0,0.0,0.07586206896551724,0.0034482758620689655,0.0,0.09655172413793103,290,18.125,1.4643543878097471,6.126760563380281,1,-1,0
52,15,67,4.275988700564972,252.28333333333333,Night,0.364476386036961,0.09342915811088295,0.16529774127310062,0.37679671457905545,Other,0.25667351129363447,0.21252566735112938,0.055441478439425054,0.01642710472279261,0.0,0.02053388090349076,0.4383983572895277,974,14.537313432835822,2.1124136963928763,3.860738587566889,1,-1,0
53,6,8,2.052777777777778,12.316666666666668,Afternoon,0.2857142857142857,0.3877551020408163,0.10204081632653061,0.22448979591836735,Browser/Search,0.8775510204081632,0.0,0.04081632653061224,0.0,0.0,0.0,0.08163265306122448,49,6.125,1.3718085181932884,3.978349120433017,1,-1,0
54,23,210,5.412478632478633,1055.4333333333334,Night,0.07877615614559522,0.3583611746087568,0.20327061719711623,0.35959205204853173,Other,0.11939511165816775,0.2957622648144892,0.046949182345700724,0.0019342359767891683,0.012836293300509935,0.0036926323193247758,0.5194302795850184,5687,27.080952380952382,2.3725435375971253,5.388308119887566,1,-1,0
55,24,79,6.952864583333334,444.98333333333335,Evening,0.10299488677867057,0.1212563915266618,0.4127100073046019,0.36303871439006574,Other,0.2717311906501096,0.25712198685171656,0.0679327976625274,0.020452885317750184,0.0014609203798392988,0.0,0.38130021913805695,1369,17.329113924050635,2.4481733430106605,3.0765197198396943,1,-1,0
56,6,18,5.045370370370371,90.81666666666668,Afternoon,0.0,0.7696584590945195,0.23034154090548054,0.0,Browser/Search,0.9344718030182685,0.0,0.028991262907069104,0.0,0.0015885623510722795,0.0,0.03494837172359015,2518,139.88888888888889,0.542207479547341,27.726188291429615,1,-1,0
57,13,42,5.997685185185185,215.91666666666666,Night,0.042440318302387266,0.22944297082228116,0.2427055702917772,0.4854111405835544,Other,0.27984084880636606,0.0,0.2718832891246684,0.029177718832891247,0.03050397877984085,0.0,0.3885941644562334,754,17.952380952380953,2.169460891874163,3.4920879969123892,1,-1,0
58,16,195,2.2289661319073084,416.81666666666666,Evening,0.13254172015404364,0.2718228498074454,0.3305519897304236,0.2650834403080873,Other,0.13157894736842105,0.1261232349165597,0.0038510911424903724,0.022464698331193838,0.0,0.0,0.7159820282413351,3116,15.97948717948718,2.131054514765645,7.475708744851853,1,-1,0
59,17,38,15.467105263157896,587.75,Night,0.0005359056806002144,0.29689174705251875,0.27384780278670956,0.4287245444801715,Social Media,0.14161307609860666,0.4439978563772776,0.08386923901393355,0.018488745980707395,0.0,0.004287245444801715,0.3077438370846731,14928,392.8421052631579,1.9739121490604745,25.398553806890686,0,-1,1
60,20,245,6.038226299694189,1316.3333333333333,Night,0.2007168458781362,0.0014336917562724014,0.06541218637992832,0.7324372759856631,Other,0.11254480286738351,0.12616487455197134,0.013261648745519713,0.023297491039426525,0.0,0.0,0.7247311827956989,5580,22.775510204081634,1.7114577859844158,4.239047860217777,1,-1,0
61,22,345,9.840545808966862,3365.4666666666667,Night,0.06015262262676412,0.25040224336873074,0.28832804670620144,0.4011170872983037,Other,0.09952650209166551,0.35882407024318486,0.009653840849537994,0.017491840205948603,0.0013561347860065278,0.00045970670712085687,0.5126879051165356,43506,126.10434782608695,1.7348735305227685,12.927181965849213,0,-1,1
62,10,59,4.722955974842768,250.3166666666667,Evening,0.004441624365482234,0.0,0.7937817258883249,0.2017766497461929,Browser/Search,0.7804568527918782,0.0,0.060279187817258884,0.02728426395939086,0.0025380710659898475,0.0,0.12944162436548223,1576,26.71186440677966,1.44805893486811,6.296025034955722,1,-1,0
63,16,75,2.7472972972972975,203.3,Evening,0.2857142857142857,0.3091060985797828,0.341687552213868,0.06349206349206349,Other,0.2673350041771094,0.08187134502923976,0.050960735171261484,0.0,0.013366750208855471,0.002506265664160401,0.5839598997493735,1197,15.96,2.271567210476647,5.887850467289719,1,-1,0
64,23,511,6.9573602264685075,3276.916666666667,Night,0.07108279545960383,0.21113398620075674,0.3001891831738259,0.4175940351658135,Other,0.09322835521922991,0.08886044958824839,0.029601602492766527,0.0015301580235922547,0.003171600267082128,0.002949031827286891,0.7806588025817939,35944,70.34050880626224,1.7305505702401065,10.968847748137222,0,-1,0
65,2,3,6.675,13.35,Night,0.0,0.0,0.0,1.0,Other,0.010752688172043012,0.0,0.0,0.0,0.0,0.0,0.989247311827957,186,62.0,0.05943229845313002,13.932584269662922,1,-1,0
66,13,25,4.7620000000000005,119.05000000000001,Evening,0.0,0.1449814126394052,0.5092936802973977,0.34572490706319703,Browser/Search,0.5625774473358116,0.05947955390334572,0.02973977695167286,0.07434944237918216,0.0024783147459727386,0.0,0.27137546468401486,807,32.28,2.1658841475997064,6.778664426711465,1,-1,0
67,26,580,5.280340264650284,2793.3,Night,0.10307697027333804,0.2137620026382796,0.22992913458293707,0.45323189250544527,Social Media,0.14940025155689174,0.5972021965211523,0.04331686965058134,0.03233426388931497,0.003650642697180722,0.002822345614627113,0.17127343007025186,32597,56.20172413793104,2.261080371500424,11.669709662406472,0,-1,0
68,25,361,9.15468895078923,3286.5333333333338,Morning,0.4592793367346939,0.2738201530612245,0.19174904336734694,0.0751514668367347,Other,0.08846460459183673,0.022433035714285714,0.01881377551020408,0.0016262755102040816,0.006640625,0.0006377551020408163,0.8613839285714285,125440,347.4792243767313,1.5568098650776632,38.167876992981455,0,-1,1
69,17,43,4.43953488372093,190.9,Night,0.20206332266097474,0.007114905727499111,0.2586268231945927,0.5321949484169335,Other,0.07541800071149057,0.0,0.015652792600498042,0.05407328352899324,0.06545713269299182,0.0,0.7893987904660263,2811,65.37209302325581,2.045579212686252,14.724986904138293,1,-1,0
70,13,89,3.2224899598393577,267.4666666666667,Evening,0.26031584309730005,0.16097809475292918,0.35914416709118696,0.2195618950585838,Social Media,0.15944982170147734,0.7096281202241467,0.043301069791136015,0.03616912888436067,0.0010188487009679063,0.0,0.05043301069791136,1963,22.0561797752809,1.8553272932986808,7.339232303090727,1,-1,0
71,26,732,9.460196616369455,6896.483333333333,Night,0.06826337380350557,0.24023536236688353,0.3056644428790453,0.3858368209505656,Social Media,0.0708904819127336,0.7097667094849376,0.03730162018812415,0.0070442961919363525,0.0012016740562714955,0.011370322794513736,0.16242489537148302,120665,164.8428961748634,1.5543270503578157,17.496598507935204,0,-1,1
72,16,31,4.753225806451613,147.35,Afternoon,0.11637931034482758,0.4331896551724138,0.07974137931034483,0.3706896551724138,Other,0.1896551724137931,0.35129310344827586,0.028017241379310345,0.0668103448275862,0.0,0.004310344827586207,0.3599137931034483,928,29.93548387096774,2.0819389581369965,6.297930098405158,1,-1,0
73,15,107,6.004166666666666,600.4166666666666,Evening,0.07177304964539007,0.19120567375886524,0.40170212765957447,0.3353191489361702,Browser/Search,0.7231205673758865,0.0022695035460992908,0.022127659574468085,0.062127659574468086,0.0,0.0,0.19035460992907802,3525,32.94392523364486,1.766059434849626,5.8709229701596115,1,-1,0
74,27,398,6.118090452261306,2435.0,Night,0.20026427616859618,0.13227322552066909,0.1829661996786642,0.4844962986320705,Browser/Search,0.41203057194768533,0.19226091265372314,0.13882006696998364,0.0009309728666456448,0.0,0.006576872832109554,0.24938060272985269,66597,167.32914572864323,2.3808384881326456,27.349897330595482,0,-1,0
75,22,63,4.281920903954803,252.63333333333335,Night,0.09009009009009009,0.14594594594594595,0.3171171171171171,0.44684684684684683,Other,0.34054054054054056,0.09279279279279279,0.04684684684684685,0.014414414414414415,0.0036036036036036037,0.0036036036036036037,0.4981981981981982,1110,17.61904761904762,2.178591719415939,4.39371948805911,1,-1,0
76,6,19,2.4518518518518517,44.13333333333333,Night,0.013793103448275862,0.2827586206896552,0.20689655172413793,0.496551724137931,Other,0.3793103448275862,0.0,0.08275862068965517,0.0,0.0,0.0,0.5379310344827586,290,15.263157894736842,1.4343199801737019,6.570996978851964,1,-1,0
77,7,62,4.230277777777778,253.8166666666667,Evening,0.19222462203023757,0.3412526997840173,0.4503239740820734,0.016198704103671708,Other,0.13444924406047515,0.0,0.0,0.0,0.0,0.0,0.8655507559395248,1852,29.870967741935484,1.5901080979213624,7.296605161205594,1,-1,0
78,13,124,4.740694444444444,568.8833333333333,Afternoon,0.33137217688365916,0.4735243879293984,0.09280698424748529,0.1022964509394572,Other,0.05048396280129057,0.0,0.04422091478458911,0.014423989371797305,0.006073258682862023,0.0,0.884797874359461,5269,42.49193548387097,1.5124722251118536,9.262004511762811,1,-1,0
79,22,658,4.478703703703704,2902.2,Afternoon,0.07765419615773508,0.32416582406471184,0.2808392315470172,0.3173407482305359,Other,0.07487360970677452,0.3177957532861476,0.023306370070778563,0.04236602628918099,0.009656218402426694,0.00455005055611729,0.5274519716885743,19780,30.060790273556233,2.002376269766413,6.815519261250087,1,-1,0
80,12,130,5.962903225806451,739.3999999999999,Morning,0.48754127889522664,0.2548784148904233,0.0982687881517062,0.15931151806264385,Other,0.07275092564795357,0.010607425197638347,0.0,0.00770539377564295,0.0,0.0,0.9089362553787651,9993,76.86923076923077,1.2237344230836742,13.51501217203138,1,-1,0
81,10,48,3.532962962962963,158.98333333333335,Morning,0.48009367681498827,0.08899297423887588,0.42857142857142855,0.00234192037470726,Other,0.0936768149882904,0.0,0.12412177985948478,0.0,0.00468384074941452,0.0,0.7775175644028103,427,8.895833333333334,1.757568593521869,2.6858161232833626,1,-1,0
82,16,356,6.8714771622934885,2356.9166666666665,Night,0.2221183072246902,0.14683189151274256,0.23404255319148937,0.39700724807107785,Other,0.05833528173953706,0.0,0.020808978255786766,0.029576806172550853,0.0336684592003741,0.0,0.8576104746317512,8554,24.028089887640448,1.8429177135160173,3.6293179648552134,1,-1,0
83,18,534,6.878666666666667,3439.3333333333335,Night,0.054972165991902834,0.18465334008097167,0.29712803643724695,0.4632464574898785,Other,0.04466093117408907,0.13145242914979757,0.016194331983805668,0.0071482793522267205,0.003605769230769231,0.0,0.7969382591093117,15808,29.60299625468165,1.0713767253849955,4.596239581314208,1,-1,0
84,17,122,3.2515306122448977,318.65,Evening,0.06502775574940524,0.12846946867565423,0.5114988104678826,0.2950039651070579,Other,0.22918318794607453,0.040444091990483745,0.0190325138778747,0.03013481363996828,0.0007930214115781126,0.0,0.6804123711340206,1261,10.336065573770492,2.3643367511466677,3.95731994351169,1,-1,0
85,13,53,2.977027027027027,110.14999999999999,Evening,0.032188841201716736,0.09871244635193133,0.5793991416309013,0.28969957081545067,Other,0.16738197424892703,0.08583690987124463,0.04291845493562232,0.002145922746781116,0.0,0.015021459227467811,0.6866952789699571,466,8.79245283018868,1.6261516773653453,4.230594643667726,1,-1,0
86,5,6,7.859999999999999,39.3,Night,0.0,0.0,0.2727272727272727,0.7272727272727273,Browser/Search,0.5340909090909091,0.0,0.0,0.13636363636363635,0.0,0.0,0.32954545454545453,176,29.333333333333332,1.5545764536142157,4.478371501272265,1,-1,0
87,23,167,4.160457516339869,636.55,Evening,0.002273522210563134,0.17873382301504023,0.4956278419027632,0.32336481287163343,Social Media,0.2514865337530605,0.385099685204617,0.051766351871283665,0.006995452955578874,0.0003497726477789437,0.002448408534452606,0.3018537950332284,5718,34.23952095808383,2.0802629526411103,8.982797894902207,1,-1,0
88,5,4,15.258333333333331,61.033333333333324,Night,0.0,0.0,0.0,1.0,Social Media,0.008888888888888889,0.6133333333333333,0.0,0.0,0.0,0.0,0.37777777777777777,225,56.25,0.9393134707029365,3.686510103768433,1,-1,0
89,7,21,3.182407407407407,57.283333333333324,Evening,0.3699421965317919,0.15606936416184972,0.3815028901734104,0.09248554913294797,Browser/Search,0.6820809248554913,0.0,0.0,0.1791907514450867,0.023121387283236993,0.0,0.11560693641618497,173,8.238095238095237,1.592062737176877,3.02007564736689,1,-1,0
90,20,40,4.702083333333333,150.46666666666667,Evening,0.3272450532724505,0.2465753424657534,0.3744292237442922,0.0517503805175038,Other,0.0319634703196347,0.1111111111111111,0.0258751902587519,0.106544901065449,0.0060882800608828,0.0,0.7184170471841704,657,16.425,2.112555361537152,4.366415595923793,1,-1,0
91,26,371,5.83987758945386,2067.3166666666666,Night,0.27944518911358474,0.10076344775336558,0.15502068885133166,0.46477067428171803,Other,0.11276880937117548,0.39705111020455736,0.0359578063989743,0.010490121801969812,0.0008158983623754298,0.002680808904947841,0.44023544495599976,17159,46.25067385444744,1.767784535318633,8.30013141028225,1,-1,0
92,18,61,3.568361581920904,210.53333333333333,Evening,0.03730321697467488,0.16837782340862423,0.5530458590006845,0.24127310061601642,Other,0.14818617385352498,0.243668720054757,0.121492128678987,0.0,0.015400410677618069,0.004106776180698152,0.4671457905544148,2922,47.90163934426229,2.302550350988095,13.879037365421153,1,-1,0
93,22,121,3.64297520661157,440.79999999999995,Morning,0.35952549934097133,0.15218493359018553,0.23917672107877927,0.24911284599006386,Browser/Search,0.3486768731623238,0.1226807259454527,0.08192233600324444,0.08496400689445402,0.02048058400081111,0.028388928317955996,0.3128865456757579,9863,81.51239669421487,2.526896599029227,22.375226860254084,1,-1,0
94,20,88,4.827058823529413,410.30000000000007,Afternoon,0.029765013054830286,0.3566579634464752,0.26135770234986944,0.3522193211488251,Other,0.3007832898172324,0.19947780678851174,0.07284595300261097,0.013577023498694517,0.016449086161879897,0.0,0.3968668407310705,3830,43.52272727272727,2.426192650073359,9.334633195223006,1,-1,0
95,3,7,1.461111111111111,8.766666666666666,Morning,0.4523809523809524,0.16666666666666666,0.0,0.38095238095238093,Other,0.11904761904761904,0.0,0.0,0.0,0.0,0.0,0.8809523809523809,84,12.0,0.9597916048265442,9.581749049429659,1,-1,0
96,10,87,2.611255411255411,201.06666666666663,Night,0.12554744525547445,0.059854014598540145,0.3182481751824818,0.49635036496350365,Social Media,0.10510948905109489,0.47737226277372263,0.0,0.008759124087591242,0.0,0.0,0.40875912408759124,685,7.873563218390805,1.8357247555072018,3.406830238726791,1,-1,0
97,8,28,1.6249999999999998,45.49999999999999,Afternoon,0.4006514657980456,0.5993485342019544,0.0,0.0,Browser/Search,0.9055374592833876,0.0,0.03908794788273615,0.0,0.003257328990228013,0.0,0.05211726384364821,307,10.964285714285714,1.43431498167221,6.747252747252748,1,-1,0
98,5,14,0.8984848484848484,9.883333333333333,Afternoon,0.0,0.45,0.4,0.15,Social Media,0.1,0.45,0.15,0.1,0.0,0.0,0.2,40,2.857142857142857,1.4263010616165084,4.0472175379426645,1,-1,0
99,18,197,5.58561507936508,938.3833333333333,Afternoon,0.025281991443018282,0.38934266822248154,0.35939323220536756,0.22598210812913264,Other,0.31116297160637885,0.0,0.161415791520809,0.004278490859587709,0.004667444574095682,0.0,0.5184753014391288,2571,13.050761421319796,1.8674420663500455,2.7398184821412714,1,-1,0
100,6,8,1.48125,11.85,Evening,0.0,0.06896551724137931,0.903448275862069,0.027586206896551724,Other,0.12413793103448276,0.0,0.034482758620689655,0.0,0.0,0.0,0.8413793103448276,145,18.125,1.48410802557221,12.236286919831224,1,-1,0
101,10,19,3.524561403508772,66.96666666666667,Evening,0.03036876355748373,0.11713665943600868,0.527114967462039,0.32537960954446854,Other,0.10412147505422993,0.24295010845986983,0.0,0.1561822125813449,0.004338394793926247,0.0,0.4924078091106291,461,24.263157894736842,1.960921370650773,6.8840219014435045,1,-1,0
102,21,307,5.211494252873564,1511.3333333333335,Afternoon,0.07983658183675206,0.3283683717763214,0.2914290577921525,0.30036598859477404,Social Media,0.33509234828496043,0.36113711805260024,0.10281726104349306,0.0017873861605243,0.0013618180270661333,0.0062984083751808665,0.191505660056175,11749,38.270358306188925,2.018771425925461,7.7739303043670045,1,-1,0
103,10,41,5.857407407407408,210.86666666666667,Evening,0.13240418118466898,0.1803135888501742,0.40853658536585363,0.2787456445993031,Other,0.023519163763066203,0.32926829268292684,0.0,0.024390243902439025,0.0,0.0,0.622822299651568,1148,28.0,1.8266733711186063,5.444198545684476,1,-1,0
104,19,460,4.336851851851852,1951.5833333333335,Night,0.09312826301679131,0.3074643713842246,0.26198203283006444,0.3374253327689196,Browser/Search,0.5232585485160622,0.08428578147782324,0.054559992474483794,0.026339306711819763,0.007666619632190396,0.017873100983020553,0.2860166502046,21261,46.219565217391306,2.2239891704988595,10.894231179811264,1,-1,0
105,18,46,8.626811594202898,396.8333333333333,Night,0.049773755656108594,0.19004524886877827,0.3167420814479638,0.4434389140271493,Other,0.29751131221719457,0.1504524886877828,0.08144796380090498,0.011312217194570135,0.016968325791855202,0.004524886877828055,0.43778280542986425,1768,38.43478260869565,1.851956606134011,4.4552708945821085,1,-1,0
106,14,50,7.452333333333335,372.61666666666673,Night,0.0491307634164777,0.11526832955404384,0.35147392290249435,0.48412698412698413,Browser/Search,0.43972033257747545,0.0,0.07161753590325019,0.03854875283446712,0.04365079365079365,0.0003779289493575208,0.4060846560846561,5292,105.84,2.190033991285082,14.20226327324775,1,-1,0
107,20,306,4.202083333333334,1176.5833333333335,Night,0.07598499061913697,0.16674484052532834,0.33724202626641653,0.4200281425891182,Browser/Search,0.3027673545966229,0.25,0.04221388367729831,0.08818011257035648,0.0021106941838649157,0.019699812382739212,0.2950281425891182,4264,13.934640522875817,2.3373033618484804,3.6240526949500667,1,-1,0
108,18,178,7.643371212121212,1345.2333333333333,Night,0.05274427685234751,0.23752243599836256,0.3088138048304311,0.4009194823188588,Other,0.06272632805365747,0.18758069087130397,0.02805680637339799,0.0021412601946027648,0.003558270617501653,0.005573574330068961,0.7103630695594672,31757,178.41011235955057,1.6851301796303415,23.60705701613103,0,-1,0
109,12,151,3.1289855072463766,431.79999999999995,Afternoon,0.02338709677419355,0.5112903225806451,0.19112903225806452,0.27419354838709675,Other,0.3943548387096774,0.0,0.1,0.03467741935483871,0.012096774193548387,0.0,0.4588709677419355,1240,8.211920529801324,2.0724388726214107,2.8716998610467814,1,-1,0
110,6,68,0.9910052910052909,62.43333333333332,Afternoon,0.0984251968503937,0.48031496062992124,0.31299212598425197,0.10826771653543307,Browser/Search,0.6850393700787402,0.0,0.04133858267716536,0.0,0.0,0.0,0.2736220472440945,508,7.470588235294118,1.1792483942256138,8.136679124399361,1,-1,0
111,15,50,6.645333333333333,332.26666666666665,Night,0.03691476590636254,0.21758703481392558,0.24579831932773108,0.4996998799519808,Social Media,0.40366146458583435,0.49489795918367346,0.019807923169267706,0.007202881152460984,0.0027010804321728693,0.005402160864345739,0.0663265306122449,3332,66.64,1.4965607328282258,10.02808988764045,1,-1,0
112,30,1318,8.571528306676822,11254.416666666666,Night,0.22092003451544,0.19269234577680958,0.23929526261440312,0.3470923570933473,Other,0.10606424964282178,0.1981101382032167,0.021833844935142094,0.003274723098468024,0.008296436705190048,0.0019662484262939752,0.6604543589888674,141386,107.2731411229135,2.360175546960307,12.562712416606814,0,-1,1
113,7,9,4.726666666666667,23.633333333333333,Afternoon,0.0,0.7964071856287425,0.11377245508982035,0.08982035928143713,Browser/Search,0.7904191616766467,0.0,0.005988023952095809,0.0,0.0,0.0,0.20359281437125748,167,18.555555555555557,1.4422591027922607,7.066290550070522,1,-1,0
114,17,214,3.002368421052632,570.45,Night,0.12849162011173185,0.31553072625698325,0.1275977653631285,0.42837988826815643,Social Media,0.09653631284916202,0.5687150837988827,0.08849162011173184,0.17318435754189945,0.0015642458100558658,0.0,0.07150837988826815,4475,20.911214953271028,1.5505941793700828,7.844684021386624,1,-1,0
115,29,1040,6.485595238095238,6355.883333333333,Evening,0.10840861709520501,0.24299281908732917,0.32954529970431534,0.3190532641131505,Other,0.05032089277684667,0.3539495019689599,0.11647522108217853,0.002493561705432694,0.0034065050620665223,0.03846625516085517,0.4348880622436605,73389,70.56634615384615,2.3609175029806826,11.54662478071498,0,-1,1
116,24,1005,9.130675359411567,9103.283333333333,Evening,0.10707542641364523,0.311984383500272,0.31219559025888827,0.26874459982719445,Social Media,0.04646548689558066,0.6950366411725175,0.00010240327690486095,0.003475311209958719,0.003507312233991488,0.009126692054145734,0.24228615315690102,156245,155.46766169154228,1.7173100375355554,17.163587496818913,0,-1,1
117,5,21,3.4114035087719303,64.81666666666668,Night,0.192,0.0,0.108,0.7,Social Media,0.148,0.628,0.0,0.0,0.0,0.0,0.224,250,11.904761904761905,1.1744594066514131,3.857032656209822,1,-1,0
118,17,26,10.298076923076923,267.75,Night,0.0,0.009696969696969697,0.2812121212121212,0.7090909090909091,Social Media,0.16727272727272727,0.52,0.02909090909090909,0.02909090909090909,0.0,0.0,0.2545454545454545,825,31.73076923076923,2.0523298099975613,3.081232492997199,1,-1,0
119,26,647,4.6901515151515145,2889.133333333333,Morning,0.44682462403981393,0.22968733095315375,0.196797576544412,0.12669046846262036,Social Media,0.07129719787947636,0.5350535540408958,0.010440333225143351,0.04159904792816185,0.01871686681813264,0.0037866493562696093,0.3191063507519204,18486,28.571870170015455,2.177286026457706,6.398458591965295,1,-1,0
120,13,31,4.393055555555556,105.43333333333334,Morning,0.436241610738255,0.026845637583892617,0.12751677852348994,0.40939597315436244,Social Media,0.11409395973154363,0.5906040268456376,0.087248322147651,0.013422818791946308,0.0,0.020134228187919462,0.174496644295302,298,9.612903225806452,1.932195038208243,2.8264306038570974,1,-1,0
121,18,58,6.806432748538012,387.9666666666667,Afternoon,0.17355889724310777,0.31453634085213034,0.22556390977443608,0.28634085213032584,Other,0.13941102756892232,0.07362155388471178,0.02756892230576441,0.07832080200501253,0.011278195488721804,0.009398496240601503,0.6604010025062657,3192,55.03448275862069,2.1651714628810064,8.22751095454936,1,-1,0
122,10,63,1.9666666666666666,114.06666666666666,Night,0.4016489988221437,0.0353356890459364,0.09540636042402827,0.46760895170789163,Browser/Search,0.9045936395759717,0.015312131919905771,0.0,0.028268551236749116,0.002355712603062426,0.009422850412249705,0.04004711425206125,849,13.476190476190476,1.287437105475248,7.443015780245471,1,-1,0
123,5,10,2.4516666666666667,24.516666666666666,Afternoon,0.16666666666666666,0.75,0.08333333333333333,0.0,Browser/Search,0.7166666666666667,0.0,0.016666666666666666,0.0,0.0,0.0,0.26666666666666666,120,12.0,1.2513274101471354,4.894629503738953,1,-1,0
124,16,122,7.507748538011697,855.8833333333334,Night,0.0421377183967112,0.26002055498458376,0.22713257965056527,0.47070914696813976,Other,0.15724563206577596,0.14285714285714285,0.06680369989722508,0.047619047619047616,0.004796163069544364,0.0,0.5806783144912642,2919,23.92622950819672,2.101984748297951,3.41051155726053,1,-1,0
125,22,388,2.8115151515151515,927.8,Night,0.02965946539729037,0.36165018918589037,0.23410228243622605,0.37458806298059316,Other,0.3601855242279995,0.023434639326254118,0.010984987184181618,0.03100207494202368,0.006590992310508971,0.03905773221042353,0.5287440497986086,8193,21.1159793814433,2.311557069734008,8.830566932528562,1,-1,0
126,21,31,4.203205128205128,109.28333333333333,Afternoon,0.0021164021164021165,0.5830687830687831,0.2074074074074074,0.2074074074074074,Other,0.3142857142857143,0.3164021164021164,0.021164021164021163,0.008465608465608466,0.0,0.01904761904761905,0.32063492063492066,945,30.483870967741936,2.4308695846636175,8.64724721671496,1,-1,0
127,16,75,5.333333333333334,373.33333333333337,Night,0.03760198652004257,0.15998581057112451,0.283433841787868,0.5189783611209648,Social Media,0.23377084072366086,0.45619013834693156,0.18871940404398724,0.0,0.0,0.0,0.12131961688542037,2819,37.586666666666666,1.780912214794048,7.550892857142856,1,-1,0
128,22,236,4.704836309523809,1053.8833333333332,Night,0.24868328651685392,0.0721558988764045,0.2791432584269663,0.4000175561797753,Other,0.11982092696629214,0.12965238764044945,0.046348314606741575,0.06302668539325842,0.0018433988764044943,0.0036867977528089887,0.6356214887640449,11392,48.271186440677965,1.9274811733196227,10.809545648632835,1,-1,0
129,20,88,7.127840909090909,627.25,Morning,0.42649842271293376,0.2,0.2513564668769716,0.12214511041009464,Browser/Search,0.4314195583596214,0.13198738170347002,0.027129337539432176,0.0,0.006435331230283912,0.004037854889589906,0.3989905362776025,7925,90.05681818181819,2.1201507189904847,12.634515743324034,1,-1,0
130,19,116,3.9711594202898546,456.6833333333333,Night,0.32681893101012477,0.19119378384742172,0.12856133741464562,0.3534259477278079,Browser/Search,0.4403108076289145,0.15093006828349423,0.049917588886272665,0.011302095596891923,0.00588650812338121,0.011066635271956676,0.33058629620908875,4247,36.61206896551724,2.210712423949819,9.299660596328602,1,-1,0
131,22,317,9.136889596602973,2868.9833333333336,Night,0.15094424460431655,0.2939298561151079,0.23318345323741008,0.32194244604316546,Social Media,0.1864658273381295,0.5439748201438849,0.04388489208633094,0.00512589928057554,0.06537769784172662,0.002697841726618705,0.15247302158273382,22240,70.15772870662461,2.1849191979651486,7.751874938276624,0,-1,0
132,9,14,2.0358974358974358,26.466666666666665,Afternoon,0.16326530612244897,0.41836734693877553,0.21428571428571427,0.20408163265306123,Other,0.35714285714285715,0.0,0.0,0.05102040816326531,0.02040816326530612,0.0,0.5714285714285714,196,14.0,1.7729097989318994,7.405541561712846,1,-1,0
133,23,329,4.18628364389234,1347.9833333333333,Night,0.09271045207007414,0.17466045535069877,0.22826586182009054,0.5043632307591366,Browser/Search,0.6208910176497605,0.0011810248671347025,0.033462371235483235,0.058657568401023555,0.014106685912997834,0.0060363493209107015,0.26566498261268945,15241,46.32522796352583,2.0911132472461356,11.306519615722252,1,-1,0
134,5,7,3.5722222222222215,21.43333333333333,Night,0.0,0.0,0.0,1.0,Browser/Search,0.3170731707317073,0.0,0.2926829268292683,0.0975609756097561,0.0,0.04878048780487805,0.24390243902439024,41,5.857142857142857,1.442339281326359,1.912908242612753,1,-1,0
135,23,129,6.861848958333333,878.3166666666666,Night,0.15304393169078348,0.20831703819580238,0.3017859470733933,0.3368530830400209,Browser/Search,0.5737192021900664,0.11810715682440359,0.02372572024507887,0.0,0.0020857776039629773,0.030895580758701604,0.2514665623777865,7671,59.46511627906977,2.343120540006235,8.73375206360652,1,-1,0
136,16,281,8.21251572327044,2176.3166666666666,Evening,0.18864604556399334,0.24513798851639193,0.3749768475643638,0.19123911835525098,Social Media,0.038896091868864606,0.754954621226153,0.01083533987775514,0.0007408779403593258,0.0,0.0003704389701796629,0.19420263011668829,10798,38.4270462633452,1.3910995996280762,4.961594130756094,1,-1,0
137,28,1122,6.342577288031834,6907.0666666666675,Night,0.1008013835681176,0.2645671824882105,0.23252189476436105,0.4021095391793108,Social Media,0.2943802600223221,0.4352005469920465,0.08100308688526238,0.02524810714608911,0.005831900495711542,0.000563080047861804,0.15777301841070657,99453,88.63903743315508,2.2544731271660727,14.398731733683375,0,-1,1
138,28,5153,6.925515743756787,29765.86666666667,Night,0.1242197429741562,0.24032387139292943,0.26853081014922564,0.36692557548368876,Other,0.09538200819093348,0.3914230570070141,0.013736289601280422,0.03144565268559055,0.014385915360354,0.014216447771030457,0.439410629383797,106215,20.612264700174656,2.696223901429689,3.568348981383598,0,-1,1
139,13,1118,3.3934495758718195,3600.4500000000003,Evening,0.10748277856654573,0.14124204658989326,0.37918704317189883,0.3720881316716622,Other,0.23478992480412264,0.20939159699216492,0.14718409843823946,0.02534574328232634,0.001156859651890414,0.0,0.38213177683125626,19017,17.00983899821109,2.246240845889146,5.281839770028746,1,-1,0
140,20,751,5.84480642115203,4126.433333333333,Evening,0.09142657412493134,0.2574025066160683,0.3922704349128676,0.2589004843461327,Social Media,0.2554052029759824,0.30448893993109305,0.11369650971188895,0.014630249163629101,0.016577620212712838,0.0,0.29520147800469365,20027,26.667110519307588,2.4720987014075213,4.853343888588208,1,-1,0
141,13,27,9.710869565217392,223.35000000000002,Night,0.47606382978723405,0.0398936170212766,0.0,0.48404255319148937,Social Media,0.0851063829787234,0.4973404255319149,0.047872340425531915,0.0,0.005319148936170213,0.0,0.36436170212765956,376,13.925925925925926,1.5524214989825365,1.683456458473248,1,-1,0
142,16,71,6.8190860215053775,422.7833333333334,Night,0.2934272300469484,0.15571205007824726,0.017214397496087636,0.5336463223787168,Social Media,0.16823161189358374,0.4295774647887324,0.03051643192488263,0.0,0.007042253521126761,0.0,0.3646322378716745,1278,18.0,1.7989185324571049,3.0228249300272,1,-1,0
143,13,50,4.5055555555555555,216.26666666666665,Morning,0.671604938271605,0.22551440329218106,0.10123456790123457,0.0016460905349794238,Other,0.2806584362139918,0.03786008230452675,0.02962962962962963,0.030452674897119343,0.005761316872427984,0.0,0.6156378600823045,1215,24.3,1.884226635863448,5.61806411837238,1,-1,0
144,15,138,2.3654061624649856,281.4833333333333,Night,0.07471264367816093,0.14152298850574713,0.23850574712643677,0.5452586206896551,Social Media,0.39295977011494254,0.40014367816091956,0.011494252873563218,0.0035919540229885057,0.0007183908045977011,0.005747126436781609,0.1853448275862069,1392,10.08695652173913,1.704024965308056,4.945230623482741,1,-1,0
145,12,49,4.8255319148936175,226.8,Night,0.0677475390851187,0.25477707006369427,0.33236826867400115,0.34510712217718587,Other,0.21887666473653736,0.301679212507238,0.024319629415170817,0.0,0.008106543138390272,0.0,0.4470179502026636,1727,35.244897959183675,2.2321916641652337,7.614638447971781,1,-1,0
146,15,37,5.777027027027028,213.75000000000003,Evening,0.029035279425538556,0.035591632844208555,0.49516078676241027,0.44021230096784264,Social Media,0.018732438339057134,0.7655323134561349,0.021854511395566656,0.00561973150171714,0.0,0.0,0.1882610053075242,6406,173.13513513513513,1.5005354211342887,29.96959064327485,0,-1,1
147,32,246,6.546938775510204,1604.0,Afternoon,0.03913272076312561,0.37370120928369344,0.2870609148494029,0.30010515510377805,Other,0.1848852056783756,0.059888335294559475,0.0010265141083097569,0.011466913697704114,0.016486818056633535,0.004081019503768058,0.7221651936606495,79882,324.7235772357724,2.462847339999896,49.80174563591022,0,-1,1
148,18,151,4.832450331125828,729.6999999999999,Evening,0.10172267720982774,0.23631742445636825,0.39994351878000567,0.26201637955379836,Browser/Search,0.5027958203897204,0.14549562270545044,0.08511719853148828,0.028184128777181586,0.008133295679186671,0.0009036995199096301,0.22937023439706297,17705,117.25165562913908,1.901114938682258,24.26339591612992,1,-1,0
149,17,86,5.649342105263156,429.3499999999999,Morning,0.33456085435463084,0.2172712207696557,0.2104584791014546,0.23770944577425887,Other,0.12299760633400847,0.008838151353341926,0.005523844595838704,0.013441355183207512,0.0011047689191677407,0.0,0.8480942736144357,5431,63.151162790697676,0.8821840226656523,12.649353674158615,1,-1,0
150,18,444,4.912093023255815,2112.2000000000003,Night,0.2972122302158273,0.1493705035971223,0.24775179856115107,0.3056654676258993,Social Media,0.1444244604316547,0.7433453237410071,0.011960431654676258,0.005935251798561151,0.003237410071942446,0.00017985611510791367,0.09091726618705036,11120,25.045045045045047,1.2041209915972524,5.264652968468894,1,-1,0
151,23,742,8.41628170289855,6194.383333333333,Night,0.16516239602835295,0.1945212879909837,0.2729110198302922,0.36740529615037115,Social Media,0.23765613211501382,0.4552491128063263,0.020426411825523235,0.04197986233362208,0.00013971553916226561,0.01601140078799564,0.22853736459235663,107361,144.69137466307276,2.066316861104715,17.331991616060787,0,-1,1
152,14,146,3.0297619047619047,381.75,Afternoon,0.08184383819379115,0.4195672624647225,0.3264346190028222,0.17215428033866415,Other,0.2982126058325494,0.08466603951081844,0.1561618062088429,0.011288805268109126,0.005644402634054563,0.0,0.44402634054562556,1063,7.280821917808219,1.838737916790027,2.784544859201048,1,-1,0
153,13,53,4.219607843137255,215.2,Evening,0.184,0.24133333333333334,0.30666666666666664,0.268,Other,0.16577777777777777,0.33644444444444443,0.013333333333333334,0.012,0.0,0.0026666666666666666,0.4697777777777778,2250,42.45283018867924,1.8472250061898337,10.455390334572492,1,-1,0
154,26,1198,8.710298336201951,10121.366666666667,Night,0.041654349520303134,0.21112036763322672,0.359839832307651,0.3873854505388192,Social Media,0.2119131439628067,0.35587595065975114,0.0828384079976351,0.008545860095133159,0.016822982451425654,0.006463142619118002,0.3175405122141302,74422,62.12186978297162,2.392721789868633,7.352959580557303,0,-1,1
155,13,36,5.3372222222222225,160.11666666666667,Evening,0.038535645472061654,0.33140655105973027,0.5337186897880539,0.09633911368015415,Browser/Search,0.4373795761078998,0.08670520231213873,0.14836223506743737,0.017341040462427744,0.0,0.0,0.31021194605009633,519,14.416666666666666,2.1143628439285767,3.241386489018424,1,-1,0
156,11,40,4.562162162162163,168.8,Night,0.03402903811252268,0.2572595281306715,0.19464609800362975,0.514065335753176,Social Media,0.1397459165154265,0.46007259528130673,0.11569872958257713,0.050816696914700546,0.012704174228675136,0.020871143375680582,0.20009074410163338,2204,55.1,1.7562548539237137,13.05687203791469,1,-1,0
157,3,2,5.283333333333333,10.566666666666666,Evening,0.0,0.14705882352941177,0.8529411764705882,0.0,Browser/Search,0.5294117647058824,0.0,0.058823529411764705,0.0,0.0,0.0,0.4117647058823529,34,17.0,0.868719682614265,3.217665615141956,1,-1,0
158,23,87,8.70321285140562,722.3666666666666,Afternoon,0.008669760924774499,0.48077765128294947,0.30624397933269115,0.2043086084595849,Social Media,0.17269463175409405,0.4484630878360627,0.17777388562921448,0.016288641737455117,0.008932480952797969,0.07522550135738681,0.10062177073298888,11419,131.2528735632184,2.2449141583995886,15.807761524618156,0,-1,0
159,12,23,6.159523809523809,129.35,Evening,0.0,0.4049586776859504,0.4986225895316804,0.09641873278236915,Other,0.27548209366391185,0.21763085399449036,0.0,0.03305785123966942,0.0,0.0,0.4738292011019284,363,15.782608695652174,2.196577263983994,2.8063393892539623,1,-1,0
160,21,788,5.587997432605904,4353.049999999999,Night,0.12896805248085788,0.1269167495988789,0.3480715721916445,0.39604362572861873,Other,0.12565753396835713,0.036314153989885654,0.07725897191136746,0.005077482381136138,0.0003249588723927128,0.036984381664195626,0.7183825172126652,49237,62.483502538071065,1.9767121756824957,11.310919929704461,0,-1,1
161,24,173,8.138622754491019,1359.15,Evening,0.1015522518583297,0.3361390467861828,0.36882378662002624,0.1934849147354613,Social Media,0.0660253607345868,0.6263664188893747,0.10745518146042851,0.004153913423699169,0.0027328377787494535,0.02120682116309576,0.1720594665500656,9148,52.87861271676301,1.7161771257501224,6.730677261523746,1,-1,0
162,23,551,5.319355847404627,2835.2166666666662,Night,0.06319255366301527,0.12923447096815044,0.3145697460900399,0.4930032292787944,Other,0.2967453935287786,0.013043753561704553,0.022288355600582538,0.08174507693281834,0.0018045969733426202,0.012473880833280568,0.5718989425694928,31586,57.32486388384755,1.8746070529707628,11.140594781116084,1,-1,1
163,17,75,4.0814814814814815,257.1333333333333,Night,0.01545253863134658,0.03532008830022075,0.29911699779249445,0.6501103752759382,Other,0.0706401766004415,0.3631346578366446,0.0673289183222958,0.026490066225165563,0.0,0.0,0.47240618101545256,906,12.08,2.451123406355941,3.5234638319937774,1,-1,0
164,16,146,2.5426470588235293,345.79999999999995,Evening,0.15523059617547807,0.006749156355455568,0.4199475065616798,0.41807274090738655,Other,0.4131983502062242,0.03374578177727784,0.04199475065616798,0.03449568803899512,0.016497937757780277,0.012373453318335208,0.44769403824521936,2667,18.267123287671232,2.355637708119679,7.712550607287451,1,-1,0
165,13,123,6.8462059620596225,842.0833333333336,Night,0.07886214442013129,0.28070021881838075,0.252253829321663,0.38818380743982495,Browser/Search,0.5764551422319475,0.0,0.20393873085339168,0.0,0.013216630196936544,0.0,0.2063894967177243,11425,92.88617886178862,1.728336633705511,13.567540821375552,1,-1,0
166,4,52,1.7977124183006534,91.68333333333332,Night,0.26582278481012656,0.2616033755274262,0.1729957805907173,0.29957805907172996,Browser/Search,0.9324894514767933,0.0,0.016877637130801686,0.0,0.0,0.0,0.05063291139240506,237,4.5576923076923075,0.40138592088385944,2.5849845482639524,1,-1,0
167,6,24,3.5416666666666656,77.91666666666664,Night,0.04205607476635514,0.009345794392523364,0.19626168224299065,0.7523364485981309,Browser/Search,0.6542056074766355,0.0,0.028037383177570093,0.07476635514018691,0.0,0.0,0.24299065420560748,214,8.916666666666666,1.516015272657149,2.746524064171124,1,-1,0
168,25,354,3.523003992015968,1176.6833333333334,Afternoon,0.14207650273224043,0.3911551658406405,0.29152370059728044,0.1752446308298386,Other,0.22696657771000128,0.25378065827932395,0.014360147413902655,0.026178675816495106,0.0,0.014487228364468167,0.4642267124158089,7869,22.228813559322035,2.4698255670822826,6.687440687808954,1,-1,0
169,8,150,1.9392617449664433,288.95000000000005,Night,0.2844717319007419,0.15732924021488873,0.20209772320286518,0.3561013046815042,Other,0.05832693783576362,0.0,0.0020465592223074956,0.0,0.0005116398055768739,0.0,0.9391148631363521,3909,26.06,0.5292957862088294,13.528292092057447,1,-1,0
170,2,10,1.3880952380952383,9.716666666666669,Afternoon,0.07142857142857142,0.9285714285714286,0.0,0.0,Browser/Search,0.6666666666666666,0.0,0.0,0.0,0.0,0.0,0.3333333333333333,42,4.2,0.6365141680948128,4.32246998284734,1,-1,0
171,1,15,0.05303030303030303,0.5833333333333334,Afternoon,0.11538461538461539,0.46153846153846156,0.19230769230769232,0.23076923076923078,Other,0.0,0.0,0.0,0.0,0.0,0.0,1.0,26,1.7333333333333334,-1.000000082690371e-10,44.57142857142857,1,-1,0
172,23,69,5.330637254901961,362.48333333333335,Evening,0.0023432923257176333,0.2448740480374927,0.5228471001757469,0.22993555946104277,Social Media,0.059461042765084945,0.59900410076157,0.07850029291154072,0.008787346221441126,0.015231400117164616,0.0,0.2390158172231986,3414,49.47826086956522,1.7192402888301506,9.418364062715527,1,-1,0
173,15,70,4.812380952380953,336.8666666666667,Morning,0.5403997984209642,0.23450361162439107,0.0020157903578027886,0.22308079959684193,Social Media,0.32303040483789686,0.35612296321182596,0.0013438602385351924,0.03729212161935159,0.0,0.0,0.2822106500923904,5953,85.04285714285714,2.2011518264257997,17.671680189986148,1,-1,0
174,16,102,2.8099616858237546,244.46666666666664,Night,0.2255859375,0.0869140625,0.3349609375,0.3525390625,Other,0.255859375,0.0,0.130859375,0.013671875,0.0,0.10546875,0.494140625,1024,10.03921568627451,2.4955827338850147,4.188710117262067,1,-1,0
175,22,106,5.201578947368422,494.1500000000001,Night,0.031137724550898204,0.2870259481037924,0.2530938123752495,0.4287425149700599,Social Media,0.12255489021956088,0.4159680638722555,0.029540918163672655,0.037125748502994015,0.006786427145708583,0.017564870259481037,0.37045908183632736,2505,23.632075471698112,2.5693363333692227,5.069310937974298,1,-1,0
176,21,50,3.676041666666667,176.45000000000002,Night,0.04807692307692308,0.3384615384615385,0.13653846153846153,0.47692307692307695,Other,0.2833333333333333,0.17756410256410257,0.08974358974358974,0.06666666666666667,0.0038461538461538464,0.007692307692307693,0.37115384615384617,1560,31.2,2.5478804090093767,8.841031453669594,1,-1,0
177,1,11,0.09545454545454546,1.05,Afternoon,0.09090909090909091,0.5454545454545454,0.18181818181818182,0.18181818181818182,Other,0.0,0.0,0.0,0.0,0.0,0.0,1.0,22,2.0,-1.000000082690371e-10,20.952380952380953,1,-1,0
178,15,99,3.4188775510204077,335.04999999999995,Night,0.04526869158878505,0.2003504672897196,0.3139602803738318,0.44042056074766356,Other,0.3002336448598131,0.06279205607476636,0.056074766355140186,0.01985981308411215,0.010514018691588784,0.055782710280373834,0.4947429906542056,3424,34.58585858585859,2.2941032549742606,10.219370243247278,1,-1,0
179,26,1136,5.614615384615385,5109.3,Evening,0.11396699442240239,0.21568627450980393,0.36610890690587083,0.30423782416192285,Social Media,0.18492323615663275,0.5802426542464493,0.11385199240986717,0.01983784716232534,0.0015525271692254615,0.003105054338450923,0.09648668851704904,17391,15.308978873239436,2.0641770043378034,3.4037930832012213,0,-1,0
180,22,320,5.203883495145631,1608.0,Night,0.1404584221748401,0.19682835820895522,0.21988272921108742,0.4428304904051173,Other,0.24093816631130063,0.32396055437100213,0.09888059701492537,0.0015991471215351812,0.003331556503198294,0.002398720682302772,0.3288912579957356,7504,23.45,2.2255789490376916,4.666666666666667,1,-1,0
181,9,19,2.223148148148148,40.016666666666666,Afternoon,0.23415977961432508,0.5454545454545454,0.19834710743801653,0.02203856749311295,Browser/Search,0.3608815426997245,0.19834710743801653,0.2809917355371901,0.01928374655647383,0.0,0.0,0.14049586776859505,363,19.105263157894736,1.8158852501946652,9.07122032486464,1,-1,0
182,13,35,3.8550505050505053,127.21666666666667,Evening,0.004329004329004329,0.23809523809523808,0.5064935064935064,0.2510822510822511,Entertainment,0.09523809523809523,0.01948051948051948,0.012987012987012988,0.37445887445887444,0.19047619047619047,0.0,0.30735930735930733,462,13.2,2.1177995188602177,3.631599633171754,1,-1,0
183,20,50,5.827666666666666,291.38333333333327,Night,0.066725418607579,0.2225859247135843,0.25305300264383734,0.4576356540349994,Other,0.0699987410298376,0.22031977842125142,0.0333627093037895,0.0021402492760921564,0.015988921062570816,0.0,0.6581896009064585,7943,158.86,2.0988792245680266,27.259623634387697,0,-1,0
184,13,69,2.665860215053763,165.2833333333333,Night,0.1619047619047619,0.09523809523809523,0.0761904761904762,0.6666666666666666,Other,0.08761904761904762,0.19047619047619047,0.0,0.009523809523809525,0.0419047619047619,0.0038095238095238095,0.6666666666666666,525,7.608695652173913,1.9368086469515822,3.17636381970354,1,-1,0
185,19,29,4.161309523809524,116.51666666666667,Evening,0.09014084507042254,0.32535211267605635,0.3591549295774648,0.22535211267605634,Social Media,0.24929577464788732,0.528169014084507,0.04225352112676056,0.04507042253521127,0.014084507042253521,0.005633802816901409,0.11549295774647887,710,24.482758620689655,2.16841872466095,6.093548848519525,1,-1,0
186,17,122,5.059259259259259,546.4,Night,0.0834072759538598,0.23661638568470866,0.15173025732031944,0.5282460810411121,Social Media,0.15380065069506063,0.6817509612540669,0.026619343389529725,0.0,0.0,0.001774622892635315,0.1360544217687075,3381,27.71311475409836,1.7912622751700187,6.187774524158126,1,-1,0
187,23,318,4.982393483709273,1325.3166666666666,Evening,0.32473532242540903,0.21231953801732434,0.3753609239653513,0.0875842155919153,Browser/Search,0.3526467757459095,0.243888354186718,0.07564966313763234,0.013859480269489894,0.008854667949951878,0.0034648700673724736,0.3016361886429259,5195,16.336477987421382,2.2808675196368298,3.9198179051547433,1,-1,0
188,15,245,3.94524886877828,871.8999999999999,Evening,0.22726444322945144,0.19883360670676142,0.33570256971022416,0.23819938035356297,Other,0.3508292327319118,0.0,0.17805722617094952,0.026608347002004738,0.07271733187534171,0.0030982321851649353,0.3686896300346273,5487,22.39591836734694,2.2090835607972488,6.293152884505105,1,-1,0
189,19,136,3.3073924731182798,410.1166666666667,Afternoon,0.06904085645619401,0.6823246668123225,0.03714223290364868,0.21149224382783482,Other,0.14179593620275288,0.008739348918505571,0.07559536814507319,0.0008739348918505571,0.0006554511688879179,0.0017478697837011142,0.7705920908892288,4577,33.654411764705884,1.8536510448758894,11.160238956394522,1,-1,0
190,8,82,5.095473251028807,412.73333333333335,Night,0.27574426549536357,0.22010736944851148,0.20400195217179112,0.3001464128843338,Browser/Search,0.7010736944851147,0.1720351390922401,0.012201073694485115,0.0,0.0,0.0,0.11469009272816008,4098,49.97560975609756,1.2292610009016929,9.928929090615409,1,-1,0
191,15,34,4.634946236559139,143.6833333333333,Night,0.012903225806451613,0.10752688172043011,0.15053763440860216,0.7290322580645161,Other,0.3720430107526882,0.043010752688172046,0.09032258064516129,0.03870967741935484,0.0,0.0,0.4559139784946237,465,13.676470588235293,2.2856248155672874,3.236283493794224,1,-1,0
192,28,2763,6.605871982641713,16237.233333333332,Afternoon,0.08299162575801328,0.33127346231591104,0.30576571373568195,0.2799691981903937,Browser/Search,0.4651843295793628,0.2591009721821157,0.001559341611319665,0.06195013957069978,0.002117624410434113,0.011088651458273174,0.1989989411877948,51945,18.800217155266015,2.153106775625037,3.1991287514087996,0,-1,1
193,12,57,2.6185534591194974,138.78333333333336,Night,0.18604651162790697,0.11434108527131782,0.29844961240310075,0.4011627906976744,Browser/Search,0.4806201550387597,0.24224806201550386,0.027131782945736434,0.015503875968992248,0.003875968992248062,0.0,0.23062015503875968,516,9.052631578947368,1.9732126617093246,3.718025699531643,1,-1,0
194,16,122,4.13047619047619,433.7,Afternoon,0.3448940269749518,0.3924213230571612,0.14450867052023122,0.11817597944765575,Other,0.05523442517662171,0.0,0.10533076429030186,0.020552344251766216,0.0012845215157353885,0.0038535645472061657,0.8137443802183687,1557,12.762295081967213,1.289850360224992,3.590039197602029,1,-1,0
195,12,62,2.088484848484848,114.86666666666665,Evening,0.040897097625329816,0.04221635883905013,0.5092348284960422,0.4076517150395778,Browser/Search,0.4234828496042216,0.013192612137203167,0.009234828496042216,0.059366754617414245,0.08179419525065963,0.0,0.4129287598944591,758,12.225806451612904,1.9470754077891534,6.598955310504935,1,-1,0
196,22,931,5.001540616246498,4166.283333333333,Evening,0.1189920671955203,0.11059262715818946,0.3896406906206253,0.38077461502566495,Other,0.043630424638357444,0.44944781459013844,0.016021154145279205,7.777259293824856e-05,0.005521854098615647,0.00031109037175299425,0.48498988956291805,12858,13.810955961331901,1.8038972572060563,3.0862039307616302,1,-1,0
197,16,126,3.156578947368421,359.85,Afternoon,0.0935672514619883,0.4198214835333949,0.20652508464142813,0.28008618036318866,Browser/Search,0.4118190212373038,0.04647583871960603,0.1351184979993844,0.01662049861495845,0.01600492459218221,0.0012311480455524776,0.3727300707910126,3249,25.785714285714285,2.0853763509350647,9.028761984160067,1,-1,0
198,19,267,6.059147869674185,1611.7333333333333,Night,0.03181626632954067,0.1794142435735356,0.27918246944795616,0.5095870206489675,Other,0.05246523388116309,0.16719342604298357,0.017172355667930888,0.011167298777918246,0.0058997050147492625,0.0014749262536873156,0.7446270543615676,9492,35.550561797752806,1.554367371610276,5.889311714096625,1,-1,0
199,8,22,4.820588235294117,81.94999999999999,Evening,0.09917355371900827,0.371900826446281,0.45454545454545453,0.0743801652892562,Browser/Search,0.4297520661157025,0.39669421487603307,0.024793388429752067,0.12396694214876033,0.01652892561983471,0.0,0.008264462809917356,242,11.0,1.5385609210960358,2.9530201342281885,1,-1,0
200,10,55,7.761111111111112,325.9666666666667,Evening,0.04409857328145266,0.19455252918287938,0.41374837872892345,0.3476005188067445,Other,0.3216601815823606,0.05188067444876784,0.13748378728923477,0.0,0.0,0.0,0.4889753566796368,771,14.018181818181818,1.679866726154254,2.3652725227528375,1,-1,0
201,18,46,4.7340740740740745,213.03333333333336,Night,0.0,0.06235565819861432,0.24018475750577367,0.6974595842956121,Other,0.21170130869899922,0.123941493456505,0.04157043879907621,0.05234795996920708,0.0,0.0,0.5704387990762124,1299,28.23913043478261,2.5504771604677736,6.097637302456579,1,-1,0
202,21,267,3.487184594953519,875.2833333333333,Night,0.20665083135391923,0.2164913471326773,0.2344757380386834,0.34238208347472004,Other,0.07702748557855446,0.3512046148625721,0.008143875127248049,0.05870376654224635,0.0,0.0,0.504920257889379,2947,11.037453183520599,1.955114210092457,3.366909762553078,1,-1,0
203,21,547,5.964484503478812,3143.2833333333338,Night,0.15908448714326082,0.13257040595271735,0.3065837807290195,0.4017613261750024,Social Media,0.0891965715362155,0.44734859188094567,0.14029386832438542,0.08340397475746444,0.032871809362343414,0.020156353018743526,0.18672883111990204,21234,38.819012797074954,2.141041474449343,6.755356659968079,1,-1,0
204,25,1851,6.893669548511047,11960.516666666666,Morning,0.3008660188308746,0.20278435124112582,0.2250264337143145,0.2713231962136851,Other,0.15493932833190674,0.15857711092090027,0.013846231307587735,0.00862242585972509,0.02293439403856805,0.0,0.6410805095413121,79444,42.91950297136683,2.5702255886745,6.642187976829318,0,-1,1
205,24,654,5.276605504587156,2875.75,Afternoon,0.06632772050935211,0.6347077755492327,0.2343626101963711,0.06460189374504408,Other,0.0435654648071272,0.004454498810578852,0.03428331545314613,0.0,0.0002798637996175195,0.01618545641121321,0.9012314007183171,42878,65.56269113149847,1.3692069257662522,14.910197339824393,0,-1,0
206,23,114,7.702949852507374,870.4333333333333,Night,0.21457725947521866,0.24513119533527697,0.08431486880466472,0.45597667638483963,Other,0.366997084548105,0.06134110787172012,0.061807580174927115,0.004431486880466472,0.0009329446064139942,0.0023323615160349854,0.5021574344023324,8575,75.21929824561404,2.5231535273033323,9.851415004020986,1,-1,0
207,20,120,4.22330383480826,477.2333333333334,Afternoon,0.17236533957845435,0.34285714285714286,0.2594847775175644,0.2252927400468384,Other,0.1269320843091335,0.2824355971896956,0.15644028103044497,0.0,0.014519906323185013,0.06604215456674473,0.35362997658079626,2135,17.791666666666668,2.5674902222987903,4.473702591324997,1,-1,0
208,20,49,5.3760162601626025,220.41666666666669,Night,0.014625228519195612,0.2979890310786106,0.3162705667276051,0.3711151736745887,Browser/Search,0.3820840950639854,0.04936014625228519,0.10968921389396709,0.007312614259597806,0.0018281535648994515,0.08775137111517367,0.3619744058500914,547,11.16326530612245,2.356782716631202,2.481663516068053,1,-1,0
209,18,24,6.645833333333333,159.5,Morning,0.3222707423580786,0.2445414847161572,0.28296943231441046,0.15021834061135372,Other,0.23930131004366811,0.2724890829694323,0.03056768558951965,0.08733624454148471,0.0,0.02096069868995633,0.34934497816593885,1145,47.708333333333336,2.397329839224304,7.178683385579937,1,-1,0
210,6,17,0.6282051282051282,8.166666666666666,Morning,0.4642857142857143,0.3520408163265306,0.17857142857142858,0.00510204081632653,Browser/Search,0.6122448979591837,0.0,0.02040816326530612,0.0,0.0,0.0,0.3673469387755102,196,11.529411764705882,1.420440996947246,24.0,1,-1,0
211,18,156,7.371882086167799,1083.6666666666665,Night,0.09197143475438217,0.2309024020774724,0.1692274399480632,0.5078987232200822,Other,0.15040034624540144,0.09867993940705475,0.033975330015148235,0.04998917983120537,0.0012984202553559835,0.0008656135035706557,0.6647911707422636,4621,29.621794871794872,1.8065744731486675,4.264226391879422,1,-1,0
212,26,149,7.6,1086.8,Night,0.052471984179301254,0.27145682267633486,0.24284772577455505,0.4332234673698088,Other,0.11087673038892551,0.12775214238628874,0.02017139090309822,0.0003955174686882004,0.0063282794990112065,0.012392880685563613,0.7220830586684245,7585,50.90604026845637,1.8254758509806681,6.979205005520796,1,-1,0
213,14,73,4.358088235294118,296.35,Evening,0.22058823529411764,0.14371657754010694,0.42780748663101603,0.20788770053475936,Social Media,0.11564171122994653,0.6544117647058824,0.00267379679144385,0.0,0.0,0.001336898395721925,0.22593582887700533,1496,20.493150684931507,1.3570957633064786,5.048085034587481,1,-1,0
214,19,46,6.106884057971015,280.9166666666667,Afternoon,0.10972568578553615,0.5180798004987531,0.25561097256857856,0.11658354114713217,Browser/Search,0.5554862842892768,0.16645885286783044,0.06483790523690773,0.0,0.0018703241895261845,0.003740648379052369,0.2076059850374065,1604,34.869565217391305,2.3970004288713587,5.709878374369623,1,-1,0
215,15,194,2.999652777777778,575.9333333333334,Morning,0.40410244524278593,0.19156333294703906,0.06188434349287287,0.3424498783173021,Other,0.11078919921195968,0.17661374435044616,0.06628809827326457,0.034650596824661026,0.0027813188086684435,0.0,0.6088770425310002,8629,44.47938144329897,1.8400814080192656,14.982636879268432,1,-1,0
216,17,244,3.9078260869565216,898.8,Evening,0.022803648583773404,0.21507441190590496,0.470955352856457,0.29116658665386463,Other,0.1586653864618339,0.14738358137301968,0.009121459433509362,0.04944791166586654,0.006240998559769563,0.0,0.629140662506001,4166,17.07377049180328,1.9498470980242009,4.635068980863374,1,-1,0
217,17,146,6.471296296296297,815.3833333333334,Morning,0.3586776859504132,0.24727272727272728,0.29652892561983474,0.09752066115702479,Social Media,0.1143801652892562,0.5289256198347108,0.015537190082644628,0.0,0.001322314049586777,0.0,0.33983471074380167,3025,20.71917808219178,1.9529376306633284,3.7099114935715303,1,-1,0
218,14,54,3.638050314465408,192.81666666666663,Night,0.0026431718061674008,0.34669603524229076,0.2409691629955947,0.40969162995594716,Other,0.08370044052863436,0.0,0.06872246696035242,0.018502202643171806,0.027312775330396475,0.0,0.801762114537445,2270,42.03703703703704,1.672641643876776,11.77284121358804,1,-1,0
219,23,152,6.657511737089201,945.3666666666666,Night,0.04076350695567777,0.2531543189906179,0.3034616628922679,0.40262051116143643,Social Media,0.18683274021352314,0.6505985118084763,0.07392429634422518,0.0012940795858945326,0.0071174377224199285,0.02070527337431252,0.059527660951148496,6182,40.671052631578945,1.4314110186597262,6.539261662141675,1,-1,0
220,11,42,3.23125,129.25,Night,0.19696969696969696,0.13333333333333333,0.2606060606060606,0.4090909090909091,Other,0.37272727272727274,0.0,0.0,0.05454545454545454,0.048484848484848485,0.0,0.5242424242424243,330,7.857142857142857,1.6515301686900172,2.5531914893617023,1,-1,0
221,20,800,6.2339847259658585,4625.616666666667,Night,0.08534051990343046,0.14013811689405423,0.3388916961428331,0.4356296670596822,Other,0.17680085340519902,0.0,0.012351917354443883,0.014990736061984167,0.0014597720509797315,0.02492841502442311,0.7694683061029701,17811,22.26375,1.6482247932940965,3.8505136252103322,1,-1,1
222,6,56,2.0287878787878793,111.58333333333336,Evening,0.006535947712418301,0.20261437908496732,0.7320261437908496,0.058823529411764705,Browser/Search,0.7973856209150327,0.0,0.0032679738562091504,0.0,0.0,0.0,0.19934640522875818,612,10.928571428571429,0.6247359159467241,5.484690067214338,1,-1,0
223,8,6,4.575,27.450000000000003,Afternoon,0.0,1.0,0.0,0.0,Browser/Search,0.5537190082644629,0.24793388429752067,0.01652892561983471,0.0,0.0,0.0,0.18181818181818182,121,20.166666666666668,1.8484315205158244,4.408014571948998,1,-1,0
224,13,43,4.771428571428571,200.4,Afternoon,0.044563279857397504,0.49019607843137253,0.35650623885918004,0.10873440285204991,Other,0.21212121212121213,0.040998217468805706,0.05525846702317291,0.030303030303030304,0.0,0.0,0.661319073083779,561,13.046511627906977,2.100503564356332,2.7994011976047903,1,-1,0
225,18,81,4.025925925925925,326.09999999999997,Night,0.0011474469305794606,0.15347102696500287,0.3958691910499139,0.4495123350545037,Other,0.10269650028686174,0.15834767641996558,0.10269650028686174,0.09150889271371199,0.013769363166953529,0.0011474469305794606,0.529833620195066,3486,43.03703703703704,2.3184114983279973,10.689972401103956,1,-1,0
226,23,298,5.647627965043696,1507.9166666666667,Night,0.36676825228567644,0.09805220617463893,0.11567510268981052,0.4195044388498741,Social Media,0.17357890552537433,0.467603021067974,0.04597853451702663,0.005300119252683185,0.00026500596263415925,0.03961839141380681,0.26765602226050084,7547,25.325503355704697,1.9171907015504035,5.004918485769549,1,-1,0
227,20,907,6.072413793103447,4930.799999999999,Morning,0.4244451697127937,0.23865861618798956,0.2523661879895561,0.08453002610966058,Other,0.04887402088772846,0.15714751958224543,0.0009791122715404699,0.0,0.02823107049608355,0.009138381201044387,0.7556298955613577,12256,13.512679162072768,1.92871080190109,2.485600713880101,1,-1,0
228,4,3,7.958333333333333,15.916666666666666,Afternoon,0.35,0.65,0.0,0.0,Browser/Search,0.6666666666666666,0.0,0.0,0.0,0.0,0.0,0.3333333333333333,60,20.0,0.8994459621931081,3.769633507853403,1,-1,0
229,26,593,5.061091018685954,2798.783333333333,Night,0.017432646592709985,0.2738343481524731,0.2781716573525732,0.4305613479022437,Other,0.1820001668195846,0.22745850362832595,0.022103594962048546,0.039619651347068144,0.0005004587538577029,0.008340979230961715,0.5199766452581533,11989,20.217537942664418,1.9116091375930342,4.283647060925284,1,-1,0
230,9,28,2.435185185185185,65.75,Morning,0.352112676056338,0.2676056338028169,0.34507042253521125,0.035211267605633804,Browser/Search,0.5,0.0,0.0,0.20422535211267606,0.0,0.0,0.29577464788732394,284,10.142857142857142,1.9743537132650268,4.319391634980988,1,-1,0
231,16,372,3.4328282828282832,1246.1166666666668,Night,0.056033247348810544,0.21223846374319288,0.17483519633132702,0.5568930925766695,Other,0.1292633992548008,0.0,0.08512467755803955,0.029807967899111495,0.003725995987388937,0.012181140728002292,0.7398968185726569,6978,18.758064516129032,1.5524883200684192,5.599796701753447,1,-1,0
232,1,4,2.175,8.7,Afternoon,0.0,0.6666666666666666,0.16666666666666666,0.16666666666666666,Other,0.0,0.0,0.0,0.0,0.0,0.0,1.0,12,3.0,-1.000000082690371e-10,1.3793103448275863,1,-1,0
233,19,38,5.447685185185185,196.11666666666667,Evening,0.2157190635451505,0.13294314381270902,0.5066889632107023,0.14464882943143811,Other,0.13043478260869565,0.004180602006688963,0.048494983277591976,0.14214046822742474,0.0,0.005016722408026756,0.669732441471572,1196,31.473684210526315,2.020230804833823,6.098410809892071,1,-1,0
234,12,86,1.9382629107981226,137.6166666666667,Night,0.3221601489757914,0.0297951582867784,0.19180633147113593,0.45623836126629425,Other,0.3054003724394786,0.1154562383612663,0.0,0.0,0.0111731843575419,0.0,0.5679702048417132,537,6.244186046511628,1.8864716947542746,3.902143635703039,1,-1,0
235,10,61,2.3633333333333337,129.98333333333335,Night,0.0846262341325811,0.31029619181946405,0.18758815232722145,0.41748942172073344,Browser/Search,0.5303244005641748,0.0,0.0535966149506347,0.18899858956276447,0.0,0.0,0.22708039492242596,709,11.62295081967213,1.8280140588602982,5.454545454545454,1,-1,0
236,8,8,7.397916666666667,59.18333333333334,Night,0.0,0.021052631578947368,0.031578947368421054,0.9473684210526315,Browser/Search,0.7263157894736842,0.0,0.0,0.09473684210526316,0.031578947368421054,0.0,0.14736842105263157,190,23.75,1.6745691042248347,3.210363277949873,1,-1,0
237,21,101,6.331848184818483,639.5166666666668,Night,0.1493356758537389,0.13275502360821345,0.3475348632919732,0.37037443724607444,Other,0.31975403535741737,0.2585922916437905,0.03909080926759635,0.012737454705171845,0.01141978697705062,0.004502031404414187,0.3539035906445591,9107,90.16831683168317,2.5868009747466885,14.240442000469102,1,-1,0
238,22,66,5.977777777777777,394.5333333333333,Night,0.2829922371206775,0.02611150317572336,0.27805222300635146,0.41284403669724773,Other,0.12279463655610445,0.056457304163726185,0.0,0.009409550693954364,0.0056457304163726185,0.004234297812279464,0.801458480357563,4251,64.4090909090909,1.9654033377638205,10.77475498479216,1,-1,0
239,12,143,2.7616797900262466,350.73333333333335,Night,0.2958562735439003,0.13445378151260504,0.06954505940307157,0.500144885540423,Browser/Search,0.4697189220515793,0.0,0.09852216748768473,0.09504491451753115,0.0023181686467690526,0.0,0.3343958272964358,3451,24.132867132867133,1.9898274972573715,9.839384147500475,1,-1,0
240,7,263,6.9248687664042,1758.9166666666667,Morning,0.4737474414879416,0.104298300258076,0.38442199875411587,0.037532259499866515,Other,0.010879238230844532,0.0,0.00992257720032037,0.0,0.0,0.0,0.9791981845688351,44948,170.90494296577947,0.8960862799491695,25.55436585019188,0,-1,0
241,20,91,5.674786324786325,442.6333333333334,Night,0.04387186629526462,0.30571030640668523,0.13440111420612813,0.516016713091922,Other,0.20264623955431754,0.08844011142061281,0.16225626740947074,0.0,0.057103064066852366,0.0,0.4895543175487465,1436,15.780219780219781,2.404492070811216,3.2442201973040135,1,-1,0
242,15,99,10.849473684210524,1030.6999999999998,Night,0.21976687712481788,0.1070908207867897,0.26226323457989315,0.4108790675084993,Social Media,0.1758135016998543,0.5398251578436134,0.021612433220009712,0.13695968916949977,0.001699854298203011,0.0,0.12408936376881982,4118,41.5959595959596,1.9222011780637545,3.9953429707965467,1,-1,0
243,1,1,0.05,0.05,Night,0.0,0.0,0.0,1.0,Browser/Search,1.0,0.0,0.0,0.0,0.0,0.0,0.0,2,2.0,-1.000000082690371e-10,40.0,1,-1,0
244,18,493,4.731204906204906,2185.8166666666666,Night,0.23763726404937918,0.08060001435441039,0.0891408885380033,0.5926218330582071,Other,0.08239431565348454,0.10378238713844828,0.003014426182444556,0.0017225292471111748,0.0010048087274815186,0.0005741764157037249,0.8075073566353262,13933,28.261663286004058,1.5763716722173338,6.374276586172979,1,-1,0
245,14,37,4.367567567567567,161.6,Afternoon,0.017834394904458598,0.535031847133758,0.12356687898089172,0.3235668789808917,Social Media,0.3089171974522293,0.3815286624203822,0.0375796178343949,0.01019108280254777,0.009554140127388535,0.0,0.2522292993630573,1570,42.432432432432435,2.055832378981517,9.715346534653465,1,-1,0
246,17,171,6.48673469387755,953.55,Night,0.28601567209162143,0.10669077757685352,0.2115732368896926,0.39572031344183245,Browser/Search,0.4336949969861362,0.1383363471971067,0.13803496081977096,0.009041591320072333,0.008740204942736588,0.007836045810729355,0.26431585292344784,3318,19.403508771929825,2.2118337858166974,3.4796287557023753,1,-1,0
247,20,1151,4.707182705718271,4500.066666666667,Night,0.0674759138812563,0.27512086536120484,0.21964453410316162,0.4377586866543772,Other,0.30214601231261523,0.02945984487496087,0.08225800841709853,0.05318075893012417,0.017738513443010678,0.03140760321380126,0.48380925880838926,28751,24.979148566463945,2.240763838020868,6.389016459015422,1,-1,1
248,20,224,4.935436137071651,1056.1833333333334,Night,0.14043290043290044,0.21593073593073592,0.19515151515151516,0.4484848484848485,Social Media,0.10077922077922077,0.6429437229437229,0.024761904761904763,0.007965367965367965,0.0024242424242424242,0.0,0.22112554112554111,5775,25.78125,2.0005949464485586,5.467800729040097,1,-1,0
249,15,153,2.3762077294685993,327.9166666666667,Morning,0.370145221209051,0.07700101317122594,0.32691658223573117,0.2259371833839919,Browser/Search,0.7966903073286052,0.0851063829787234,0.0,0.009793988517392773,0.0,0.030395136778115502,0.07801418439716312,2961,19.352941176470587,1.6643219881877975,9.029733163913596,1,-1,0
250,1,11,0.08333333333333333,0.9166666666666666,Afternoon,0.09090909090909091,0.45454545454545453,0.2727272727272727,0.18181818181818182,Other,0.0,0.0,0.0,0.0,0.0,0.0,1.0,22,2.0,-1.000000082690371e-10,24.0,1,-1,0
251,21,109,5.655607476635514,605.15,Afternoon,0.09421068046470761,0.42858537537830715,0.32060919652445574,0.15659474763252954,Browser/Search,0.4610953822122425,0.0009762764814995607,0.056721663575124474,0.0804451820755638,0.0,0.014448891926193499,0.38631260372937615,10243,93.97247706422019,2.1171623950892076,16.926381888787905,1,-1,0
252,21,530,7.46846571622539,3667.0166666666664,Night,0.1028187239788455,0.30055136716552266,0.29585349386744686,0.30077641498818497,Social Media,0.24907167773151795,0.5324912793968718,0.041352537414200516,0.034657364689996625,0.0051198379655676834,0.003431979295600315,0.13387532350624506,35548,67.07169811320755,1.6715208137061235,9.69398375609601,0,-1,0
253,18,43,4.88640350877193,185.68333333333334,Evening,0.18867924528301888,0.07412398921832884,0.5215633423180593,0.215633423180593,Social Media,0.057951482479784364,0.5431266846361186,0.009433962264150943,0.0013477088948787063,0.0013477088948787063,0.0,0.3867924528301887,742,17.25581395348837,1.7205668452251879,3.996050623821919,1,-1,0
254,25,1270,6.240342024109896,7419.766666666666,Night,0.11341557440246723,0.23390516576715498,0.3163646877409406,0.33631457208943716,Other,0.03377023901310717,0.3514456437933693,0.0436006168080185,0.0010215882806476485,0.008018504240555127,0.024556669236700076,0.5375867386276022,51880,40.8503937007874,1.958015471353194,6.99213362504661,0,-1,1
255,19,729,2.6432761087267527,1847.65,Night,0.07310720775287705,0.18946093276801937,0.34264082374318594,0.3947910357359176,Browser/Search,0.47976983646274984,0.11059963658388855,0.18122350090854028,0.004724409448818898,0.003513022410660206,0.007510599636583889,0.21265899454875833,16510,22.647462277091908,2.3151673098373564,8.935675046680918,1,-1,0
256,8,16,7.2,72.0,Morning,0.3917525773195876,0.0,0.30927835051546393,0.29896907216494845,Social Media,0.32989690721649484,0.4329896907216495,0.07216494845360824,0.12371134020618557,0.0,0.0,0.041237113402061855,194,12.125,1.6565656387859393,2.6944444444444446,1,-1,0
257,20,344,4.651562500000001,1339.65,Night,0.11577280823273303,0.17039382545022758,0.25944983178309916,0.45438353453394026,Browser/Search,0.4213338610726301,0.3334652681575302,0.03740352265980606,0.023946170591727687,0.0035622402533148625,0.0,0.1802889372649911,5053,14.688953488372093,2.080222628840148,3.771880715112156,1,-1,0
258,19,242,3.2815909090909092,721.95,Evening,0.33867403314917127,0.2408839779005525,0.37099447513812156,0.049447513812154696,Other,0.37099447513812156,0.05082872928176796,0.03591160220994475,0.024585635359116023,0.020718232044198894,0.0011049723756906078,0.4958563535911602,3620,14.958677685950413,1.698383221313034,5.014197659117667,1,-1,0
259,26,474,4.864931308749097,2242.7333333333336,Night,0.08293172690763052,0.249665327978581,0.3168674698795181,0.3505354752342704,Other,0.09705488621151272,0.18326639892904953,0.00783132530120482,0.05609103078982597,0.03775100401606426,0.00013386880856760375,0.6178714859437751,14940,31.518987341772153,2.35276263093036,6.661514223715109,1,-1,0
260,24,698,5.417938311688311,3337.45,Morning,0.3361341447719208,0.2768206806523378,0.29513320708231444,0.09191196749342698,Social Media,0.30691867840923714,0.33821177076247033,0.061630109029399326,0.007703763628674916,0.0031807902333192374,0.0015260438691647208,0.2808288440677343,54389,77.92120343839541,2.076802141358023,16.296573731441672,0,-1,0
261,11,36,4.363978494623656,135.28333333333333,Afternoon,0.0024330900243309003,0.45255474452554745,0.2822384428223844,0.26277372262773724,Browser/Search,0.41605839416058393,0.19708029197080293,0.10462287104622871,0.12165450121654502,0.0,0.0,0.16058394160583941,411,11.416666666666666,2.1277749705158784,3.0380682518171738,1,-1,0
262,20,372,5.1475138121546955,1863.3999999999996,Morning,0.4508084718742883,0.28911409701662494,0.240036438168982,0.02004099294010476,Other,0.06877704395354134,0.07492598496925529,0.1364153951263949,0.0,0.025278979731268504,0.02470963334092462,0.6698929628786153,8782,23.607526881720432,2.295244672413523,4.712890415369755,1,-1,0
263,19,492,5.053017832647463,2455.766666666667,Afternoon,0.13409789981870404,0.3422623291438349,0.2665050620276629,0.2571347090097981,Other,0.15709600537776783,0.13898677965411174,0.07211097757226376,0.02242773624493288,0.009288871687274653,0.0021999959259334707,0.5978896335377156,49091,99.77845528455285,2.139322530371123,19.990091349612474,0,-1,0
264,17,94,7.578191489361703,712.35,Night,0.11072958061653614,0.21104209267332844,0.2666383733940353,0.41158995331610015,Social Media,0.15440410509664726,0.6948184729349126,0.04189976465141402,0.02669856090126934,0.0002314904124387515,0.006636058489910876,0.07531154751340716,25919,275.7340425531915,1.5527757411528231,36.38520390257598,0,-1,1
265,17,119,3.8508474576271183,454.4,Night,0.10918981931222072,0.25704293763357294,0.2622887118709928,0.3714785311832135,Other,0.2770545949096561,0.18671070526520303,0.14493879930056344,0.012045851952593743,0.0017485914124732854,0.003497182824946571,0.37400427433456385,5147,43.252100840336134,2.0644334523044603,11.327024647887324,1,-1,0
266,19,107,5.111355311355311,465.1333333333333,Evening,0.2561556791104051,0.04249404289118348,0.36219221604447976,0.33915806195393167,Other,0.2243844320889595,0.15210484511517078,0.07307386814932486,0.020651310563939634,0.005559968228752979,0.0,0.5242255758538522,2518,23.53271028037383,2.0524905627326873,5.4135015049448185,1,-1,0
267,29,714,12.608124076809455,8535.7,Afternoon,0.10132866935597619,0.3464695760106068,0.2502750430195492,0.3019267116138678,Social Media,0.08093317159863465,0.4584332421224858,0.03825213687269034,0.0001128381618663432,0.003977545205788598,0.0004513526474653728,0.41783971339106885,35449,49.648459383753504,1.9956025570893274,4.153027871176353,0,-1,1
268,5,201,0.6122719734660031,123.06666666666663,Night,0.13981244671781756,0.2915601023017903,0.2216538789428815,0.34697357203751067,Browser/Search,0.5132139812446718,0.11508951406649616,0.0,0.0,0.0,0.02557544757033248,0.34612105711849955,1173,5.835820895522388,1.3962028943222808,9.531419284940414,1,-1,0
269,20,1757,8.509874031007753,14636.983333333334,Night,0.11565475417370193,0.21342578253789052,0.2908852943821123,0.38003416890629527,Other,0.10106802809443406,0.008552217482091297,0.058556713390814356,0.00577474498206632,0.008072653884964682,0.00019981816546942282,0.8177758240001598,100091,56.96698918611269,1.951724335144393,6.838226000576166,0,-1,1
270,22,336,13.303103103103107,4429.933333333334,Night,0.08871822494048963,0.15163414591767588,0.34503848626483413,0.41460914287700035,Browser/Search,0.4688721699998262,0.44758744114120896,0.0,0.008635518565496152,0.0024846663075773633,0.00013900231091341895,0.07228120167497784,57553,171.28869047619048,1.7776944209691123,12.991843368598472,0,-1,1
271,20,193,2.731337325349302,456.13333333333344,Night,0.19378491620111732,0.08571927374301676,0.20268854748603352,0.5178072625698324,Other,0.10998603351955308,0.09968575418994413,0.03666201117318436,0.11854050279329609,0.003666201117318436,0.006983240223463687,0.6244762569832403,5728,29.678756476683937,2.4271659549017186,12.55773165741011,1,-1,0
272,4,6,4.55,27.3,Afternoon,0.0,0.8390804597701149,0.09195402298850575,0.06896551724137931,Browser/Search,0.5402298850574713,0.0,0.0,0.0,0.0,0.0,0.45977011494252873,87,14.5,1.149653395595917,3.1868131868131866,1,-1,0
273,24,340,8.96343137254902,3047.5666666666666,Night,0.0007600863458088839,0.25532820528412026,0.23796783314584538,0.5059438752242255,Other,0.08309263932382718,0.3395153689459123,0.05363169256027485,0.0013985588762883464,0.000516858715150041,0.0,0.5218448815785474,32891,96.73823529411764,2.3024169044009546,10.792544871864985,0,-1,1
274,18,62,3.0499999999999994,182.99999999999997,Night,0.08858447488584476,0.14063926940639268,0.25388127853881276,0.5168949771689497,Other,0.30776255707762556,0.11232876712328767,0.09497716894977169,0.0,0.0,0.012785388127853882,0.47214611872146117,1095,17.661290322580644,2.3641199153639048,5.98360655737705,1,-1,0
275,16,46,13.962015503875966,600.3666666666666,Morning,0.7243101510800349,9.364464976900986e-05,0.14817705081782995,0.1274191534523661,Other,0.10023099013609689,0.014015482582095142,0.016013235110500686,0.0,0.0001248595330253465,0.00034336371581970284,0.8692720689224622,32036,696.4347826086956,0.7190890164566772,53.36072400199879,0,-1,1
276,12,196,2.8915789473684215,549.4000000000001,Night,0.02283477409884195,0.11515250366987441,0.32947316914043384,0.5325395530908498,Other,0.3188713097374001,0.0,0.0,0.0013048442342195401,0.007992170934594683,0.0006524221171097701,0.6711792529766759,6131,31.28061224489796,1.8706166408952323,11.159446669093555,1,-1,0
277,15,81,4.057905982905983,316.51666666666665,Evening,0.03761147731678945,0.09189608375339278,0.48584722760759985,0.3846452113222179,Browser/Search,0.36487010469174097,0.28770841411399767,0.08801861186506398,0.01202016285381931,0.0,0.0,0.24738270647537805,2579,31.839506172839506,2.168274016011549,8.148070138486652,1,-1,0
278,12,24,6.550757575757576,144.11666666666667,Evening,0.15742397137745975,0.1806797853309481,0.3363148479427549,0.32558139534883723,Social Media,0.28622540250447226,0.6207513416815742,0.023255813953488372,0.01073345259391771,0.0,0.0017889087656529517,0.057245080500894455,559,23.291666666666668,1.7782175304552728,3.878801896611541,1,-1,0
279,15,418,3.2755917159763315,1107.15,Night,0.10403361344537815,0.2584873949579832,0.3077310924369748,0.32974789915966385,Browser/Search,0.42168067226890754,0.18184873949579833,0.0,0.015966386554621848,0.031092436974789917,0.031092436974789917,0.31831932773109245,5950,14.23444976076555,2.165215965142885,5.374158876394345,1,-1,0
280,16,270,5.600880503144654,1484.2333333333333,Evening,0.053895903911302744,0.28296889436402833,0.5255312596242686,0.13760394210040036,Social Media,0.15023098244533414,0.33384662765629813,0.043609485679088386,0.004065291037881121,0.25149368647982756,0.0,0.21675392670157068,16235,60.129629629629626,2.2423235858943538,10.938307094571833,1,-1,0
281,19,273,3.5233974358974356,916.0833333333333,Morning,0.309812108559499,0.20521920668058455,0.1954070981210856,0.2895615866388309,Other,0.3463465553235908,0.0,0.014196242171189978,0.030897703549060542,0.12776617954070982,0.10730688935281837,0.3734864300626305,4790,17.545787545787547,2.3139574810312586,5.22878195215137,1,-1,0
282,13,46,5.993023255813953,257.7,Night,0.02040816326530612,0.12372448979591837,0.36096938775510207,0.49489795918367346,Browser/Search,0.7755102040816326,0.0,0.01020408163265306,0.01020408163265306,0.015306122448979591,0.011479591836734694,0.17729591836734693,784,17.043478260869566,1.7924360798834535,3.0422972448583625,1,-1,0
283,17,374,5.307396149949341,1746.1333333333332,Afternoon,0.11673985220092106,0.42347649137838705,0.35493199100353434,0.10485166541715754,Browser/Search,0.5281139552318732,0.055799507336403556,0.0,0.0,0.007497054728499518,0.0004284031273428296,0.4081610795758809,9337,24.96524064171123,1.9385327276438538,5.347243433109346,1,-1,0
284,22,501,5.0285007610350085,2202.4833333333336,Afternoon,0.07415467023769669,0.3208905256109809,0.31737529293605626,0.28757951121526615,Social Media,0.08486776029460998,0.5379979912956143,0.07549380649481084,0.014730498828255775,0.002008704385671242,0.009708737864077669,0.2751925008369602,5974,11.924151696606787,1.967091261923923,2.712392829306313,1,-1,0
285,24,286,4.660990338164251,1286.4333333333334,Evening,0.19981369352585002,0.31457848160223567,0.3308802980903586,0.15472752678155566,Browser/Search,0.4653935724266418,0.09566837447601304,0.08169538891476479,0.07992547741034,0.01592920353982301,0.0005589194224499301,0.2608290638099674,10735,37.53496503496503,2.234178080258534,8.344777550332962,1,-1,0
286,8,10,2.481666666666667,24.81666666666667,Night,0.05454545454545454,0.06363636363636363,0.18181818181818182,0.7,Browser/Search,0.6818181818181818,0.0,0.14545454545454545,0.00909090909090909,0.0,0.0,0.16363636363636364,110,11.0,1.4788403149880254,4.432505036937541,1,-1,0
287,17,72,3.3890547263681596,227.0666666666667,Night,0.11026615969581749,0.17001629549158065,0.16784356328082564,0.5518739815317762,Other,0.23302552960347636,0.24714828897338403,0.022813688212927757,0.0043454644215100485,0.0,0.031504617055947856,0.46116241173275396,1841,25.569444444444443,2.1819950627672333,8.107751027598354,1,-1,0
288,1,3,0.08333333333333333,0.25,Afternoon,0.3333333333333333,0.6666666666666666,0.0,0.0,Other,0.0,0.0,0.0,0.0,0.0,0.0,1.0,6,2.0,-1.000000082690371e-10,24.0,1,-1,0
289,25,232,2.9863043478260867,686.8499999999999,Evening,0.13871319520174483,0.22115594329334787,0.332824427480916,0.30730643402399127,Other,0.11145038167938931,0.08964013086150491,0.0366412213740458,0.010032715376226827,0.0,0.004143947655398037,0.7480916030534351,4585,19.762931034482758,2.0620257532395034,6.675402198442164,1,-1,0
290,26,3284,4.646432707899004,13372.433333333334,Evening,0.2625552129344112,0.2904825402116843,0.30460871739311607,0.14235352946078839,Browser/Search,0.3790649220768397,0.21244270355862988,0.051420951745978834,0.012092674389532461,0.002866905575464622,0.0050504208684057006,0.33706142178514875,119990,36.53775883069427,2.358532938330758,8.972936862650277,0,-1,1
291,18,97,5.509770114942528,479.34999999999997,Evening,0.09393491124260354,0.22633136094674555,0.4541420118343195,0.22559171597633135,Other,0.08801775147928995,0.4119822485207101,0.060650887573964495,0.008136094674556213,0.0,0.0029585798816568047,0.4282544378698225,1352,13.938144329896907,1.9743554407431532,2.8204860748930844,1,-1,0
